"","X.3","X.2","X.1","X","id","sexo","fechnac","educ","catlab","salario","salini","tiempemp","expprev","minoria","genero","ci","edad","grupedad","estudios","salargr"
"1",1,1,1,1,1,"Hombre","1952-02-03",15,"Directivo",57000,27000,98,144,"No","Masculino",85.7133343272102,38.0479123887748,"Entre 35 y 40 años","Medios","Entre 50.001 y 75.000 $"
"2",2,2,2,2,2,"Hombre","1958-05-23",16,"Administrativo",40200,18750,98,36,"No","Masculino",133.381117056561,31.7481177275838,"Entre 30 y 35 años","Medios","Entre 25.001 y 50.000 $"
"3",3,3,3,3,3,"Mujer","1929-07-26",12,"Administrativo",21450,12000,98,381,"No","Femenino",122.424747778706,60.5722108145106,"Más de 40 años","Secundarios","Hasta 25.000 $"
"4",4,4,4,4,4,"Mujer","1947-04-15",8,"Administrativo",21900,13200,98,190,"No","Femenino",92.5952717004238,42.8528405201916,"Más de 40 años","Primarios","Hasta 25.000 $"
"5",5,5,5,5,5,"Hombre","1955-02-09",15,"Administrativo",45000,21000,98,138,"No","Masculino",117.120737550818,35.0308008213552,"Entre 35 y 40 años","Medios","Entre 25.001 y 50.000 $"
"6",6,6,6,6,6,"Hombre","1958-08-22",15,"Administrativo",32100,13500,98,67,"No","Masculino",102.490080268507,31.4989733059548,"Entre 30 y 35 años","Medios","Entre 25.001 y 50.000 $"
"7",7,7,7,7,7,"Hombre","1956-04-26",15,"Administrativo",36000,18750,98,114,"No","Masculino",63.9685489389307,33.8206707734428,"Entre 30 y 35 años","Medios","Entre 25.001 y 50.000 $"
"8",8,8,8,8,8,"Mujer","1966-05-06",12,"Administrativo",21900,9750,98,0,"No","Femenino",106.915657064195,23.7946611909651,"Hasta 25 años","Secundarios","Hasta 25.000 $"
"9",9,9,9,9,9,"Mujer","1946-01-23",15,"Administrativo",27900,12750,98,115,"No","Femenino",122.9407518693,44.0766598220397,"Más de 40 años","Medios","Entre 25.001 y 50.000 $"
"10",10,10,10,10,10,"Mujer","1946-02-13",12,"Administrativo",24000,13500,98,244,"No","Femenino",105.103895342386,44.0191649555099,"Más de 40 años","Secundarios","Hasta 25.000 $"
"11",11,11,11,11,11,"Mujer","1950-02-07",16,"Administrativo",30300,16500,98,143,"No","Femenino",84.9820670595113,40.0355920602327,"Más de 40 años","Medios","Entre 25.001 y 50.000 $"
"12",12,12,12,12,12,"Hombre","1966-01-11",8,"Administrativo",28350,12000,98,26,"Sí","Masculino",99.7786690530473,24.1095140314853,"Hasta 25 años","Primarios","Entre 25.001 y 50.000 $"
"13",13,13,13,13,13,"Hombre","1960-07-17",15,"Administrativo",27750,14250,98,34,"Sí","Masculino",120.148932842329,29.596167008898,"Entre 25 y 30 años","Medios","Entre 25.001 y 50.000 $"
"14",14,14,14,14,14,"Mujer","1949-02-26",15,"Administrativo",35100,16800,98,137,"Sí","Femenino",101.638041694901,40.9828884325804,"Más de 40 años","Medios","Entre 25.001 y 50.000 $"
"15",15,15,15,15,15,"Hombre","1962-08-29",12,"Administrativo",27300,13500,97,66,"No","Masculino",67.7458668889282,27.4798083504449,"Entre 25 y 30 años","Secundarios","Entre 25.001 y 50.000 $"
"16",16,16,16,16,16,"Hombre","1964-11-17",12,"Administrativo",40800,15000,97,24,"No","Masculino",107.557121944314,25.2594113620808,"Entre 25 y 30 años","Secundarios","Entre 25.001 y 50.000 $"
"17",17,17,17,17,17,"Hombre","1962-07-18",15,"Administrativo",46000,14250,97,48,"No","Masculino",118.864313389313,27.5947980835045,"Entre 25 y 30 años","Medios","Entre 25.001 y 50.000 $"
"18",18,18,18,18,18,"Hombre","1956-03-20",16,"Directivo",103750,27510,97,70,"No","Masculino",100.130654427475,33.9219712525667,"Entre 30 y 35 años","Medios","Más de 75.000 $"
"19",19,19,19,19,19,"Hombre","1962-08-19",12,"Administrativo",42300,14250,97,103,"No","Masculino",85.7772928817572,27.5071868583162,"Entre 25 y 30 años","Secundarios","Entre 25.001 y 50.000 $"
"20",20,20,20,20,20,"Mujer","1940-01-23",12,"Administrativo",26250,11550,97,48,"No","Femenino",131.515075682172,50.0780287474333,"Más de 40 años","Secundarios","Entre 25.001 y 50.000 $"
"21",21,21,21,21,21,"Mujer","1963-02-19",16,"Administrativo",38850,15000,97,17,"No","Femenino",92.1517166302422,27.0034223134839,"Entre 25 y 30 años","Medios","Entre 25.001 y 50.000 $"
"22",22,22,22,22,22,"Hombre","1940-09-24",12,"Administrativo",21750,12750,97,315,"Sí","Masculino",99.1043764735217,49.4072553045859,"Más de 40 años","Secundarios","Hasta 25.000 $"
"23",23,23,23,23,23,"Mujer","1965-03-15",15,"Administrativo",24000,11100,97,75,"Sí","Femenino",101.711993113092,24.9363449691992,"Hasta 25 años","Medios","Hasta 25.000 $"
"24",24,24,24,24,24,"Mujer","1933-03-27",12,"Administrativo",16950,9000,97,124,"Sí","Femenino",95.4527241197314,56.9034907597536,"Más de 40 años","Secundarios","Hasta 25.000 $"
"25",25,25,25,25,25,"Mujer","1942-07-01",15,"Administrativo",21150,9000,97,171,"Sí","Femenino",115.216963077353,47.6413415468857,"Más de 40 años","Medios","Hasta 25.000 $"
"26",26,26,26,26,26,"Hombre","1966-11-08",15,"Administrativo",31050,12600,96,14,"No","Masculino",141.134955992464,23.2854209445585,"Hasta 25 años","Medios","Entre 25.001 y 50.000 $"
"27",27,27,27,27,27,"Hombre","1954-03-19",19,"Directivo",60375,27480,96,96,"No","Masculino",101.100828395488,35.9260780287474,"Entre 35 y 40 años","Superiores","Entre 50.001 y 75.000 $"
"28",28,28,28,28,28,"Hombre","1963-04-11",15,"Administrativo",32550,14250,96,43,"No","Masculino",112.352768451,26.8637919233402,"Entre 25 y 30 años","Medios","Entre 25.001 y 50.000 $"
"29",29,29,29,29,29,"Hombre","1944-01-28",19,"Directivo",135000,79980,96,199,"No","Masculino",88.5371215035852,46.0643394934976,"Más de 40 años","Superiores","Más de 75.000 $"
"30",30,30,30,30,30,"Hombre","1961-09-17",15,"Administrativo",31200,14250,96,54,"No","Masculino",115.809637918148,28.4271047227926,"Entre 25 y 30 años","Medios","Entre 25.001 y 50.000 $"
"31",31,31,31,31,31,"Hombre","1964-02-24",12,"Administrativo",36150,14250,96,83,"No","Masculino",87.3717507535741,25.990417522245,"Entre 25 y 30 años","Secundarios","Entre 25.001 y 50.000 $"
"32",32,32,32,32,32,"Hombre","1954-01-28",19,"Directivo",110625,45000,96,120,"No","Masculino",101.524986675943,36.062970568104,"Entre 35 y 40 años","Superiores","Más de 75.000 $"
"33",33,33,33,33,33,"Hombre","1961-03-18",15,"Administrativo",42000,15000,96,68,"No","Masculino",104.896133150721,28.9281314168378,"Entre 25 y 30 años","Medios","Entre 25.001 y 50.000 $"
"34",34,34,34,34,34,"Hombre","1949-02-02",19,"Directivo",92000,39990,96,175,"No","Masculino",102.813864965592,41.0485968514716,"Más de 40 años","Superiores","Más de 75.000 $"
"35",35,35,35,35,35,"Hombre","1961-08-22",17,"Directivo",81250,30000,96,18,"No","Masculino",84.450292618189,28.498288843258,"Entre 25 y 30 años","Superiores","Más de 75.000 $"
"36",36,36,36,36,36,"Mujer","1963-08-07",8,"Administrativo",31350,11250,96,52,"No","Femenino",111.498040732811,26.5407255304586,"Entre 25 y 30 años","Primarios","Entre 25.001 y 50.000 $"
"37",37,37,37,37,37,"Hombre","1954-10-09",12,"Administrativo",29100,13500,96,113,"Sí","Masculino",114.133775903927,35.3675564681725,"Entre 35 y 40 años","Secundarios","Entre 25.001 y 50.000 $"
"38",38,38,38,38,38,"Hombre","1962-04-27",15,"Administrativo",31350,15000,96,49,"Sí","Masculino",90.9507333861472,27.8193018480493,"Entre 25 y 30 años","Medios","Entre 25.001 y 50.000 $"
"39",39,39,39,39,39,"Hombre","1960-06-22",16,"Administrativo",36000,15000,96,46,"Sí","Masculino",115.736384962282,29.6646132785763,"Entre 25 y 30 años","Medios","Entre 25.001 y 50.000 $"
"40",40,40,40,40,40,"Mujer","1933-08-28",15,"Administrativo",19200,9000,96,23,"Sí","Femenino",101.241855238986,56.4818617385353,"Más de 40 años","Medios","Hasta 25.000 $"
"41",41,41,41,41,41,"Mujer","1961-03-18",12,"Administrativo",23550,11550,96,52,"Sí","Femenino",74.8499914208793,28.9281314168378,"Entre 25 y 30 años","Secundarios","Hasta 25.000 $"
"42",42,42,42,42,42,"Hombre","1960-09-23",15,"Administrativo",35100,16500,95,90,"No","Masculino",79.8398916911754,29.409993155373,"Entre 25 y 30 años","Medios","Entre 25.001 y 50.000 $"
"43",43,43,43,43,43,"Hombre","1964-01-18",12,"Administrativo",23250,14250,95,46,"No","Masculino",98.4384207233923,26.0917180013689,"Entre 25 y 30 años","Secundarios","Hasta 25.000 $"
"44",44,44,44,44,44,"Hombre","1963-06-15",8,"Administrativo",29250,14250,95,50,"No","Masculino",95.499012583675,26.6858316221766,"Entre 25 y 30 años","Primarios","Entre 25.001 y 50.000 $"
"45",45,45,45,45,45,"Hombre","1938-08-02",12,"Seguridad",30750,13500,95,307,"No","Masculino",78.6254448310876,51.5537303216975,"Más de 40 años","Secundarios","Entre 25.001 y 50.000 $"
"46",46,46,46,46,46,"Mujer","1940-11-18",15,"Administrativo",22350,12750,95,165,"No","Femenino",116.740670426017,49.2566735112936,"Más de 40 años","Medios","Hasta 25.000 $"
"47",47,47,47,47,47,"Mujer","1938-04-28",12,"Administrativo",30000,16500,95,228,"No","Femenino",112.840785263058,51.8165639972622,"Más de 40 años","Secundarios","Entre 25.001 y 50.000 $"
"48",48,48,48,48,48,"Hombre","1947-06-07",12,"Seguridad",30750,14100,94,240,"No","Masculino",95.8424840312282,42.7077344284736,"Más de 40 años","Secundarios","Entre 25.001 y 50.000 $"
"49",49,49,49,49,49,"Hombre","1958-09-16",15,"Administrativo",34800,16500,94,93,"No","Masculino",86.1182468526445,31.4305270362765,"Entre 30 y 35 años","Medios","Entre 25.001 y 50.000 $"
"50",50,50,50,50,50,"Hombre","1960-02-09",16,"Directivo",60000,23730,94,59,"No","Masculino",95.1500941696691,30.031485284052,"Entre 30 y 35 años","Medios","Entre 50.001 y 75.000 $"
"51",51,51,51,51,51,"Hombre","1962-07-08",12,"Administrativo",35550,15000,94,48,"No","Masculino",111.848680018772,27.6221765913758,"Entre 25 y 30 años","Secundarios","Entre 25.001 y 50.000 $"
"52",52,52,52,52,52,"Hombre","1963-11-12",15,"Administrativo",45150,15000,94,40,"No","Masculino",89.8367466802628,26.2751540041068,"Entre 25 y 30 años","Medios","Entre 25.001 y 50.000 $"
"53",53,53,53,53,53,"Hombre","1954-04-21",18,"Directivo",73750,26250,94,56,"No","Masculino",120.237805713657,35.8357289527721,"Entre 35 y 40 años","Superiores","Entre 50.001 y 75.000 $"
"54",54,54,54,54,54,"Hombre","1931-06-04",12,"Administrativo",25050,13500,94,444,"No","Masculino",111.19135616691,58.715947980835,"Más de 40 años","Secundarios","Entre 25.001 y 50.000 $"
"55",55,55,55,55,55,"Hombre","1960-06-25",12,"Administrativo",27000,15000,94,120,"No","Masculino",129.151402958879,29.6563997262149,"Entre 25 y 30 años","Secundarios","Entre 25.001 y 50.000 $"
"56",56,56,56,56,56,"Hombre","1962-04-16",15,"Administrativo",26850,13500,94,5,"No","Masculino",89.0003786345445,27.8494182067077,"Entre 25 y 30 años","Medios","Entre 25.001 y 50.000 $"
"57",57,57,57,57,57,"Hombre","1963-04-15",15,"Administrativo",33900,15750,94,78,"No","Masculino",96.0725775986232,26.8528405201916,"Entre 25 y 30 años","Medios","Entre 25.001 y 50.000 $"
"58",58,58,58,58,58,"Mujer","1964-11-14",15,"Administrativo",26400,13500,94,3,"No","Femenino",91.7748897049837,25.2676249144422,"Entre 25 y 30 años","Medios","Entre 25.001 y 50.000 $"
"59",59,59,59,59,59,"Hombre","1961-05-07",15,"Administrativo",28050,14250,94,36,"Sí","Masculino",88.7710099022568,28.7912388774812,"Entre 25 y 30 años","Medios","Entre 25.001 y 50.000 $"
"60",60,60,60,60,60,"Hombre","1959-02-16",12,"Administrativo",30900,15000,94,102,"Sí","Masculino",89.2942021961476,31.0116358658453,"Entre 30 y 35 años","Secundarios","Entre 25.001 y 50.000 $"
"61",61,61,61,61,61,"Hombre","1964-04-28",8,"Administrativo",22500,9750,94,36,"Sí","Masculino",102.306631555178,25.8151950718686,"Entre 25 y 30 años","Primarios","Hasta 25.000 $"
"62",62,62,62,62,62,"Hombre","1962-07-18",16,"Directivo",48000,21750,93,22,"No","Masculino",97.7685283628754,27.5947980835045,"Entre 25 y 30 años","Medios","Entre 25.001 y 50.000 $"
"63",63,63,63,63,63,"Hombre","1961-08-20",17,"Directivo",55000,26250,93,32,"No","Masculino",95.1490013158891,28.5037645448323,"Entre 25 y 30 años","Superiores","Entre 50.001 y 75.000 $"
"64",64,64,64,64,64,"Hombre","1963-09-28",16,"Directivo",53125,21000,93,48,"No","Masculino",92.0266545904027,26.3983572895277,"Entre 25 y 30 años","Medios","Entre 50.001 y 75.000 $"
"65",65,65,65,65,65,"Hombre","1964-03-28",8,"Administrativo",21900,14550,93,41,"No","Masculino",97.4867186316362,25.9000684462697,"Entre 25 y 30 años","Primarios","Hasta 25.000 $"
"66",66,66,66,66,66,"Hombre","1962-02-16",19,"Directivo",78125,30000,93,7,"No","Masculino",86.5373258073201,28.0109514031485,"Entre 25 y 30 años","Superiores","Más de 75.000 $"
"67",67,67,67,67,67,"Hombre","1964-05-28",16,"Directivo",46000,21240,93,35,"No","Masculino",97.4890100624526,25.7330595482546,"Entre 25 y 30 años","Medios","Entre 25.001 y 50.000 $"
"68",68,68,68,68,68,"Hombre","1963-05-05",16,"Directivo",45250,21480,93,36,"No","Masculino",60.228371382923,26.798083504449,"Entre 25 y 30 años","Medios","Entre 25.001 y 50.000 $"
"69",69,69,69,69,69,"Hombre","1960-06-23",16,"Directivo",56550,25000,93,34,"No","Masculino",96.7667133107574,29.6618754277892,"Entre 25 y 30 años","Medios","Entre 50.001 y 75.000 $"
"70",70,70,70,70,70,"Hombre","1962-02-08",15,"Administrativo",41100,20250,93,27,"No","Masculino",102.214795798008,28.0328542094456,"Entre 25 y 30 años","Medios","Entre 25.001 y 50.000 $"
"71",71,71,71,71,71,"Hombre","1948-08-26",17,"Directivo",82500,34980,93,207,"No","Masculino",76.7010328344652,41.4866529774127,"Más de 40 años","Superiores","Más de 75.000 $"
"72",72,72,72,72,72,"Mujer","1964-01-07",16,"Administrativo",54000,18000,93,11,"No","Femenino",104.205306144546,26.1218343600274,"Entre 25 y 30 años","Medios","Entre 50.001 y 75.000 $"
"73",73,73,73,73,73,"Mujer","1968-02-09",12,"Administrativo",26400,10500,93,0,"No","Femenino",90.9263181352736,22.031485284052,"Hasta 25 años","Secundarios","Entre 25.001 y 50.000 $"
"74",74,74,74,74,74,"Mujer","1933-04-28",15,"Administrativo",33900,19500,93,192,"No","Femenino",104.680688182292,56.8158795345654,"Más de 40 años","Medios","Entre 25.001 y 50.000 $"
"75",75,75,75,75,75,"Mujer","1965-08-12",15,"Administrativo",24150,11550,93,0,"No","Femenino",108.140082633729,24.5256673511294,"Hasta 25 años","Medios","Hasta 25.000 $"
"76",76,76,76,76,76,"Mujer","1967-09-03",15,"Administrativo",29250,11550,93,11,"No","Femenino",84.3824983757906,22.466803559206,"Hasta 25 años","Medios","Entre 25.001 y 50.000 $"
"77",77,77,77,77,77,"Mujer","1968-09-09",12,"Administrativo",27600,11400,93,6,"No","Femenino",110.248850653788,21.4483230663929,"Hasta 25 años","Secundarios","Entre 25.001 y 50.000 $"
"78",78,78,78,78,78,"Mujer","1968-08-20",12,"Administrativo",22950,10500,93,10,"No","Femenino",89.6657041885968,21.5030800821355,"Hasta 25 años","Secundarios","Hasta 25.000 $"
"79",79,79,79,79,79,"Mujer","1962-01-23",16,"Administrativo",34800,14550,93,8,"No","Femenino",113.043202366816,28.0766598220397,"Entre 25 y 30 años","Medios","Entre 25.001 y 50.000 $"
"80",80,80,80,80,80,"Mujer","1961-05-25",16,"Administrativo",51000,18000,93,22,"No","Femenino",104.329584811542,28.7419575633128,"Entre 25 y 30 años","Medios","Entre 50.001 y 75.000 $"
"81",81,81,81,81,81,"Mujer","1968-03-12",12,"Administrativo",24300,10950,93,5,"No","Femenino",95.9205281034584,21.9438740588638,"Hasta 25 años","Secundarios","Hasta 25.000 $"
"82",82,82,82,82,82,"Mujer","1947-08-28",12,"Administrativo",24750,14250,93,193,"Sí","Femenino",107.591093207814,42.4832306639288,"Más de 40 años","Secundarios","Hasta 25.000 $"
"83",83,83,83,83,83,"Mujer","1967-10-12",12,"Administrativo",22950,11250,93,0,"Sí","Femenino",91.9860224768448,22.3600273785079,"Hasta 25 años","Secundarios","Hasta 25.000 $"
"84",84,84,84,84,84,"Mujer","1967-03-12",8,"Administrativo",25050,10950,93,8,"Sí","Femenino",86.6401403558806,22.9459274469541,"Hasta 25 años","Primarios","Entre 25.001 y 50.000 $"
"85",85,85,85,85,85,"Hombre","1962-04-09",15,"Administrativo",25950,17100,92,42,"No","Masculino",76.5477098943763,27.8685831622177,"Entre 25 y 30 años","Medios","Entre 25.001 y 50.000 $"
"86",86,86,86,86,86,"Hombre","1961-08-25",15,"Administrativo",31650,15750,92,64,"No","Masculino",115.951175630549,28.4900752908966,"Entre 25 y 30 años","Medios","Entre 25.001 y 50.000 $"
"87",87,87,87,87,87,"Hombre","1959-10-20",12,"Administrativo",24150,14100,92,130,"No","Masculino",74.3676328183245,30.3381245722108,"Entre 30 y 35 años","Secundarios","Hasta 25.000 $"
"88",88,88,88,88,88,"Hombre","1962-02-10",19,"Directivo",72500,28740,92,10,"No","Masculino",102.319430017631,28.0273785078713,"Entre 25 y 30 años","Superiores","Entre 50.001 y 75.000 $"
"89",89,89,89,89,89,"Hombre","1961-06-24",19,"Directivo",68750,27480,92,8,"No","Masculino",122.359300879661,28.6598220396988,"Entre 25 y 30 años","Superiores","Entre 50.001 y 75.000 $"
"90",90,90,90,90,90,"Mujer","1938-02-27",8,"Administrativo",16200,9750,92,0,"No","Femenino",98.0704478483791,51.9808350444901,"Más de 40 años","Primarios","Hasta 25.000 $"
"91",91,91,91,91,91,"Mujer","1967-11-04",12,"Administrativo",20100,11250,92,24,"No","Femenino",105.549639719802,22.2970568104038,"Hasta 25 años","Secundarios","Hasta 25.000 $"
"92",92,92,92,92,92,"Mujer","1968-06-25",8,"Administrativo",24000,10950,92,6,"No","Femenino",98.8984632609593,21.6563997262149,"Hasta 25 años","Primarios","Hasta 25.000 $"
"93",93,93,93,93,93,"Mujer","1968-03-05",12,"Administrativo",25950,10950,92,0,"No","Femenino",73.263818616743,21.9630390143737,"Hasta 25 años","Secundarios","Entre 25.001 y 50.000 $"
"94",94,94,94,94,94,"Mujer","1950-08-04",12,"Administrativo",24600,10050,92,44,"No","Femenino",76.5148485381707,39.5482546201232,"Entre 35 y 40 años","Secundarios","Hasta 25.000 $"
"95",95,95,95,95,95,"Mujer","1968-08-08",12,"Administrativo",28500,10500,92,6,"No","Femenino",101.820640095317,21.5359342915811,"Hasta 25 años","Secundarios","Entre 25.001 y 50.000 $"
"96",96,96,96,96,96,"Hombre","1933-10-02",8,"Seguridad",30750,15000,92,432,"Sí","Masculino",96.9084800855901,56.3860369609856,"Más de 40 años","Primarios","Entre 25.001 y 50.000 $"
"97",97,97,97,97,97,"Hombre","1953-01-18",17,"Administrativo",40200,19500,92,168,"Sí","Masculino",113.228989871729,37.0896646132786,"Entre 35 y 40 años","Superiores","Entre 25.001 y 50.000 $"
"98",98,98,98,98,98,"Hombre","1956-05-17",8,"Seguridad",30000,15000,92,144,"Sí","Masculino",108.679204324837,33.7631759069131,"Entre 30 y 35 años","Primarios","Entre 25.001 y 50.000 $"
"99",99,99,99,99,99,"Mujer","1968-07-07",12,"Administrativo",22050,10950,92,5,"Sí","Femenino",123.617680309002,21.6235455167693,"Hasta 25 años","Secundarios","Hasta 25.000 $"
"100",100,100,100,100,100,"Hombre","1963-10-25",18,"Directivo",78250,27480,91,47,"No","Masculino",82.8022886520042,26.3244353182752,"Entre 25 y 30 años","Superiores","Más de 75.000 $"
"101",101,101,101,101,101,"Hombre","1960-03-14",16,"Directivo",60625,22500,91,44,"No","Masculino",83.9152091620939,29.9383983572895,"Entre 25 y 30 años","Medios","Entre 50.001 y 75.000 $"
"102",102,102,102,102,102,"Hombre","1963-03-28",14,"Administrativo",39900,15750,91,59,"No","Masculino",79.8957699254613,26.90212183436,"Entre 25 y 30 años","Medios","Entre 25.001 y 50.000 $"
"103",103,103,103,103,103,"Hombre","1959-03-17",19,"Directivo",97000,35010,91,68,"No","Masculino",80.2697314869747,30.9322381930185,"Entre 30 y 35 años","Superiores","Más de 75.000 $"
"104",104,104,104,104,104,"Hombre","1962-11-05",15,"Administrativo",27450,15750,91,48,"No","Masculino",96.1301385721373,27.2936344969199,"Entre 25 y 30 años","Medios","Entre 25.001 y 50.000 $"
"105",105,105,105,105,105,"Hombre","1966-03-07",15,"Administrativo",31650,13500,91,18,"No","Masculino",94.6453170775254,23.958932238193,"Hasta 25 años","Medios","Entre 25.001 y 50.000 $"
"106",106,106,106,106,106,"Hombre","1962-08-04",19,"Directivo",91250,29490,91,23,"No","Masculino",93.6506149825949,27.5482546201232,"Entre 25 y 30 años","Superiores","Más de 75.000 $"
"107",107,107,107,107,107,"Mujer","1960-08-16",12,"Administrativo",25200,14400,91,83,"No","Femenino",116.715793517519,29.5140314852841,"Entre 25 y 30 años","Secundarios","Entre 25.001 y 50.000 $"
"108",108,108,108,108,108,"Mujer","1930-07-16",12,"Administrativo",21000,11550,91,108,"No","Femenino",99.5366426309503,59.6002737850787,"Más de 40 años","Secundarios","Hasta 25.000 $"
"109",109,109,109,109,109,"Hombre","1963-11-10",12,"Administrativo",30450,15000,91,49,"Sí","Masculino",106.109956316753,26.280629705681,"Entre 25 y 30 años","Secundarios","Entre 25.001 y 50.000 $"
"110",110,110,110,110,110,"Hombre","1952-10-29",15,"Administrativo",28350,18000,91,151,"Sí","Masculino",96.0210841785097,37.3114305270363,"Entre 35 y 40 años","Medios","Entre 25.001 y 50.000 $"
"111",111,111,111,111,111,"Hombre","1940-11-27",12,"Seguridad",30750,9000,91,314,"Sí","Masculino",94.397140332269,49.2320328542094,"Más de 40 años","Secundarios","Entre 25.001 y 50.000 $"
"112",112,112,112,112,112,"Hombre","1948-06-21",12,"Seguridad",30750,15000,91,240,"Sí","Masculino",116.633577486898,41.6673511293634,"Más de 40 años","Secundarios","Entre 25.001 y 50.000 $"
"113",113,113,113,113,113,"Hombre","1959-10-06",16,"Directivo",54875,27480,90,68,"No","Masculino",92.7803533918541,30.3764544832307,"Entre 30 y 35 años","Medios","Entre 50.001 y 75.000 $"
"114",114,114,114,114,114,"Hombre","1961-08-25",14,"Administrativo",37800,16500,90,60,"No","Masculino",77.1947981770458,28.4900752908966,"Entre 25 y 30 años","Medios","Entre 25.001 y 50.000 $"
"115",115,115,115,115,115,"Hombre","1961-05-12",15,"Administrativo",33450,14100,90,85,"No","Masculino",90.0664106409236,28.7775496235455,"Entre 25 y 30 años","Medios","Entre 25.001 y 50.000 $"
"116",116,116,116,116,116,"Hombre","1962-06-09",15,"Administrativo",30300,16500,90,16,"No","Masculino",90.3734446602296,27.7015742642026,"Entre 25 y 30 años","Medios","Entre 25.001 y 50.000 $"
"117",117,117,117,117,117,"Mujer","1932-01-14",12,"Administrativo",31500,18750,90,205,"No","Femenino",111.638693463224,58.1026694045175,"Más de 40 años","Secundarios","Entre 25.001 y 50.000 $"
"118",118,118,118,118,118,"Mujer","1964-03-04",12,"Administrativo",31650,14250,90,48,"No","Femenino",113.112983019109,25.9657768651608,"Entre 25 y 30 años","Secundarios","Entre 25.001 y 50.000 $"
"119",119,119,119,119,119,"Mujer","1963-07-23",12,"Administrativo",25200,14100,90,55,"No","Femenino",82.6721882874675,26.5817932922656,"Entre 25 y 30 años","Secundarios","Entre 25.001 y 50.000 $"
"120",120,120,120,120,120,"Mujer","1964-11-12",16,"Directivo",37800,15750,90,7,"No","Femenino",107.040728463954,25.2731006160164,"Entre 25 y 30 años","Medios","Entre 25.001 y 50.000 $"
"121",121,121,121,121,121,"Mujer","1936-08-06",15,"Administrativo",18750,10500,90,54,"No","Femenino",90.8479331414281,53.5414099931554,"Más de 40 años","Medios","Hasta 25.000 $"
"122",122,122,122,122,122,"Mujer","1965-09-26",15,"Administrativo",32550,13500,90,22,"No","Femenino",73.5622853534647,24.4024640657084,"Hasta 25 años","Medios","Entre 25.001 y 50.000 $"
"123",123,123,123,123,123,"Mujer","1949-04-24",12,"Administrativo",33300,15000,90,3,"No","Femenino",76.5839901924882,40.8268309377139,"Más de 40 años","Secundarios","Entre 25.001 y 50.000 $"
"124",124,124,124,124,124,"Mujer","1963-05-29",16,"Administrativo",38550,16500,90,0,"No","Femenino",92.844301544119,26.7323750855578,"Entre 25 y 30 años","Medios","Entre 25.001 y 50.000 $"
"125",125,125,125,125,125,"Hombre","1956-08-06",12,"Administrativo",27450,15000,90,173,"Sí","Masculino",73.5373885404287,33.5414099931554,"Entre 30 y 35 años","Secundarios","Entre 25.001 y 50.000 $"
"126",126,126,126,126,126,"Hombre","1951-01-21",15,"Seguridad",24300,15000,90,191,"Sí","Masculino",132.658783668145,39.0828199863107,"Entre 35 y 40 años","Medios","Hasta 25.000 $"
"127",127,127,127,127,127,"Hombre","1950-09-01",12,"Seguridad",30750,15000,90,209,"Sí","Masculino",115.065656357604,39.4715947980835,"Entre 35 y 40 años","Secundarios","Entre 25.001 y 50.000 $"
"128",128,128,128,128,128,"Mujer","1946-07-25",12,"Administrativo",19650,9750,90,229,"Sí","Femenino",114.906246808713,43.5756331279945,"Más de 40 años","Secundarios","Hasta 25.000 $"
"129",129,129,129,129,129,"Hombre","1959-07-18",17,"Directivo",68750,27510,89,38,"No","Masculino",51.1086684659174,30.5954825462012,"Entre 30 y 35 años","Superiores","Entre 50.001 y 75.000 $"
"130",130,130,130,130,130,"Hombre","1958-09-06",20,"Directivo",59375,30000,89,6,"No","Masculino",113.656558506369,31.4579055441478,"Entre 30 y 35 años","Superiores","Entre 50.001 y 75.000 $"
"131",131,131,131,131,131,"Hombre","1962-02-08",15,"Administrativo",31500,15750,89,22,"No","Masculino",97.9413701203784,28.0328542094456,"Entre 25 y 30 años","Medios","Entre 25.001 y 50.000 $"
"132",132,132,132,132,132,"Hombre","1953-05-17",12,"Administrativo",27300,17250,89,175,"No","Masculino",106.543255713535,36.7638603696099,"Entre 35 y 40 años","Secundarios","Entre 25.001 y 50.000 $"
"133",133,133,133,133,133,"Hombre","1959-09-12",15,"Administrativo",27000,15750,89,87,"No","Masculino",107.112866812722,30.4421629021218,"Entre 30 y 35 años","Medios","Entre 25.001 y 50.000 $"
"134",134,134,134,134,134,"Mujer","1941-11-10",16,"Directivo",41550,24990,89,285,"No","Femenino",72.3134922431368,48.2792607802875,"Más de 40 años","Medios","Entre 25.001 y 50.000 $"
"135",135,135,135,135,135,"Mujer","1968-05-22",12,"Administrativo",26250,10950,89,0,"No","Femenino",86.1819222418025,21.7494866529774,"Hasta 25 años","Secundarios","Entre 25.001 y 50.000 $"
"136",136,136,136,136,136,"Hombre","1939-08-25",12,"Administrativo",22200,15000,88,324,"No","Masculino",107.594192411834,50.4914442162902,"Más de 40 años","Secundarios","Hasta 25.000 $"
"137",137,137,137,137,137,"Hombre","1937-07-12",21,"Directivo",65000,37500,88,264,"No","Masculino",87.5016646243857,52.6105407255305,"Más de 40 años","Superiores","Entre 50.001 y 75.000 $"
"138",138,138,138,138,138,"Hombre","1947-01-09",12,"Administrativo",30900,15000,88,252,"No","Masculino",105.323274372065,43.1156741957563,"Más de 40 años","Secundarios","Entre 25.001 y 50.000 $"
"139",139,139,139,139,139,"Mujer","1931-06-18",8,"Administrativo",20100,13200,88,90,"No","Femenino",81.3695856458496,58.6776180698152,"Más de 40 años","Primarios","Hasta 25.000 $"
"140",140,140,140,140,140,"Mujer","1965-04-05",12,"Administrativo",22350,13500,88,26,"No","Femenino",84.8972268207693,24.8788501026694,"Hasta 25 años","Secundarios","Hasta 25.000 $"
"141",141,141,141,141,141,"Mujer","1966-06-14",15,"Administrativo",35550,13350,88,32,"No","Femenino",103.7623789697,23.6878850102669,"Hasta 25 años","Medios","Entre 25.001 y 50.000 $"
"142",142,142,142,142,142,"Mujer","1966-11-13",12,"Administrativo",28500,13950,88,34,"No","Femenino",102.92670623513,23.2717316906229,"Hasta 25 años","Secundarios","Entre 25.001 y 50.000 $"
"143",143,143,143,143,143,"Mujer","1939-08-24",12,"Administrativo",24450,13200,88,107,"No","Femenino",107.663634299272,50.4941820670773,"Más de 40 años","Secundarios","Hasta 25.000 $"
"144",144,144,144,144,144,"Mujer","1931-08-28",8,"Administrativo",16650,9750,88,412,"No","Femenino",89.1274206913467,58.4832306639288,"Más de 40 años","Primarios","Hasta 25.000 $"
"145",145,145,145,145,145,"Hombre","1964-01-15",12,"Administrativo",26700,13500,88,38,"Sí","Masculino",115.442183363247,26.0999315537303,"Entre 25 y 30 años","Secundarios","Entre 25.001 y 50.000 $"
"146",146,146,146,146,146,"Hombre","1951-01-02",18,"Administrativo",43950,23250,88,182,"Sí","Masculino",86.3072083919243,39.1348391512663,"Entre 35 y 40 años","Superiores","Entre 25.001 y 50.000 $"
"147",147,147,147,147,147,"Hombre","1936-09-11",15,"Administrativo",23700,13500,88,359,"Sí","Masculino",80.8245315073582,53.4428473648186,"Más de 40 años","Medios","Hasta 25.000 $"
"148",148,148,148,148,148,"Mujer","1959-10-05",15,"Administrativo",26550,14250,88,61,"Sí","Femenino",114.992594245954,30.3791923340178,"Entre 30 y 35 años","Medios","Entre 25.001 y 50.000 $"
"149",149,149,149,149,149,"Hombre","1962-06-28",12,"Administrativo",27600,15000,87,75,"No","Masculino",89.9092138042929,27.6495550992471,"Entre 25 y 30 años","Secundarios","Entre 25.001 y 50.000 $"
"150",150,150,150,150,150,"Hombre","1954-03-05",12,"Administrativo",25800,15000,87,143,"No","Masculino",112.841967336861,35.9644079397673,"Entre 35 y 40 años","Secundarios","Entre 25.001 y 50.000 $"
"151",151,151,151,151,151,"Hombre","1954-08-16",16,"Directivo",42300,26250,87,126,"No","Masculino",99.3829563074493,35.5154004106776,"Entre 35 y 40 años","Medios","Entre 25.001 y 50.000 $"
"152",152,152,152,152,152,"Hombre","1929-05-03",8,"Seguridad",30750,15000,87,451,"No","Masculino",123.555424698373,60.8021902806297,"Más de 40 años","Primarios","Entre 25.001 y 50.000 $"
"153",153,153,153,153,153,"Mujer","1967-05-13",12,"Administrativo",26700,12900,87,18,"No","Femenino",112.191357439288,22.776180698152,"Hasta 25 años","Secundarios","Entre 25.001 y 50.000 $"
"154",154,154,154,154,154,"Mujer","1940-06-07",12,"Administrativo",20850,12000,87,163,"No","Femenino",117.688832748794,49.7056810403833,"Más de 40 años","Secundarios","Hasta 25.000 $"
"155",155,155,155,155,155,"Hombre","1963-03-06",15,"Administrativo",35250,15000,87,54,"Sí","Masculino",110.229768086219,26.9623545516769,"Entre 25 y 30 años","Medios","Entre 25.001 y 50.000 $"
"156",156,156,156,156,156,"Hombre","1963-01-12",15,"Administrativo",26700,15000,87,56,"Sí","Masculino",110.294375341098,27.1074606433949,"Entre 25 y 30 años","Medios","Entre 25.001 y 50.000 $"
"157",157,157,157,157,157,"Mujer","1967-07-02",12,"Administrativo",26550,13050,87,11,"Sí","Femenino",105.563920621485,22.6392881587953,"Hasta 25 años","Secundarios","Entre 25.001 y 50.000 $"
"158",158,158,158,158,158,"Mujer","1964-09-20",12,"Administrativo",27750,12000,87,11,"Sí","Femenino",102.627596549715,25.4182067077344,"Entre 25 y 30 años","Secundarios","Entre 25.001 y 50.000 $"
"159",159,159,159,159,159,"Mujer","1951-01-13",16,"Administrativo",25050,12750,87,123,"Sí","Femenino",125.112278166001,39.1047227926078,"Entre 35 y 40 años","Medios","Entre 25.001 y 50.000 $"
"160",160,160,160,160,160,"Hombre","1951-08-27",16,"Directivo",66000,47490,86,150,"No","Masculino",116.536547227164,38.4859685147159,"Entre 35 y 40 años","Medios","Entre 50.001 y 75.000 $"
"161",161,161,161,161,161,"Hombre","1963-02-11",16,"Administrativo",52650,19500,86,20,"No","Masculino",116.498077372556,27.025325119781,"Entre 25 y 30 años","Medios","Entre 50.001 y 75.000 $"
"162",162,162,162,162,162,"Hombre","1961-05-25",16,"Directivo",45625,23250,86,60,"No","Masculino",82.3120435745033,28.7419575633128,"Entre 25 y 30 años","Medios","Entre 25.001 y 50.000 $"
"163",163,163,163,163,163,"Hombre","1965-11-10",15,"Administrativo",30900,15000,86,25,"No","Masculino",87.4827904561009,24.2792607802875,"Hasta 25 años","Medios","Entre 25.001 y 50.000 $"
"164",164,164,164,164,164,"Mujer","1965-08-13",15,"Administrativo",29400,16500,86,24,"No","Femenino",137.447112813302,24.5229295003422,"Hasta 25 años","Medios","Entre 25.001 y 50.000 $"
"165",165,165,165,165,165,"Mujer","1966-04-29",15,"Administrativo",33300,13500,86,24,"No","Femenino",80.6666077525279,23.813826146475,"Hasta 25 años","Medios","Entre 25.001 y 50.000 $"
"166",166,166,166,166,166,"Mujer","1942-07-12",12,"Administrativo",21900,9750,86,156,"No","Femenino",89.2562554628046,47.6112251882272,"Más de 40 años","Secundarios","Hasta 25.000 $"
"167",167,167,167,167,167,"Mujer","1932-08-26",12,"Administrativo",18150,9750,86,72,"No","Femenino",102.789471369284,57.4866529774127,"Más de 40 años","Secundarios","Hasta 25.000 $"
"168",168,168,168,168,168,"Mujer","1962-04-23",16,"Directivo",46875,17250,86,19,"No","Femenino",102.892971625821,27.8302532511978,"Entre 25 y 30 años","Medios","Entre 25.001 y 50.000 $"
"169",169,169,169,169,169,"Hombre","1965-05-23",12,"Administrativo",25500,14400,86,37,"Sí","Masculino",102.220450406972,24.7474332648871,"Hasta 25 años","Secundarios","Entre 25.001 y 50.000 $"
"170",170,170,170,170,170,"Hombre","1964-06-13",12,"Administrativo",26550,15000,86,38,"Sí","Masculino",90.5195176720957,25.6892539356605,"Entre 25 y 30 años","Secundarios","Entre 25.001 y 50.000 $"
"171",171,171,171,171,171,"Hombre","1930-01-21",12,"Administrativo",26700,13500,86,367,"Sí","Masculino",111.092602107801,60.082135523614,"Más de 40 años","Secundarios","Entre 25.001 y 50.000 $"
"172",172,172,172,172,172,"Mujer","1953-06-13",15,"Administrativo",29850,15000,86,79,"Sí","Femenino",117.887366653424,36.6899383983573,"Entre 35 y 40 años","Medios","Entre 25.001 y 50.000 $"
"173",173,173,173,173,173,"Hombre","1950-01-15",20,"Directivo",69250,42480,85,134,"No","Masculino",126.784469530766,40.0985626283368,"Más de 40 años","Superiores","Entre 50.001 y 75.000 $"
"174",174,174,174,174,174,"Hombre","1935-01-07",8,"Seguridad",31950,15000,85,438,"No","Masculino",107.288246307997,55.1211498973306,"Más de 40 años","Primarios","Entre 25.001 y 50.000 $"
"175",175,175,175,175,175,"Hombre","1938-01-08",8,"Administrativo",26250,15600,85,171,"No","Masculino",97.2956134963447,52.1177275838467,"Más de 40 años","Primarios","Entre 25.001 y 50.000 $"
"176",176,176,176,176,176,"Mujer","1962-10-05",16,"Administrativo",35700,17250,85,19,"No","Femenino",104.378904977425,27.378507871321,"Entre 25 y 30 años","Medios","Entre 25.001 y 50.000 $"
"177",177,177,177,177,177,"Mujer","1962-08-11",12,"Administrativo",28500,16500,85,69,"No","Femenino",94.0098228175916,27.5290896646133,"Entre 25 y 30 años","Secundarios","Entre 25.001 y 50.000 $"
"178",178,178,178,178,178,"Mujer","1938-01-17",12,"Administrativo",17100,10200,85,72,"No","Femenino",81.651746584159,52.0930869267625,"Más de 40 años","Secundarios","Hasta 25.000 $"
"179",179,179,179,179,179,"Hombre","1965-01-19",12,"Administrativo",25200,13050,85,29,"Sí","Masculino",93.1331724086811,25.0869267624914,"Entre 25 y 30 años","Secundarios","Entre 25.001 y 50.000 $"
"180",180,180,180,180,180,"Mujer","1960-01-23",12,"Administrativo",24000,12750,85,59,"Sí","Femenino",102.736549568412,30.0780287474333,"Entre 30 y 35 años","Secundarios","Hasta 25.000 $"
"181",181,181,181,181,181,"Mujer","1939-01-04",12,"Administrativo",27450,10200,85,101,"Sí","Femenino",70.2429461703465,51.129363449692,"Más de 40 años","Secundarios","Entre 25.001 y 50.000 $"
"182",182,182,182,182,182,"Mujer","1943-03-08",12,"Administrativo",18450,10200,85,228,"Sí","Femenino",117.158533149402,46.9568788501027,"Más de 40 años","Secundarios","Hasta 25.000 $"
"183",183,183,183,183,183,"Hombre","1960-03-01",15,"Administrativo",39300,15750,84,72,"No","Masculino",102.444369437651,29.9739904175222,"Entre 25 y 30 años","Medios","Entre 25.001 y 50.000 $"
"184",184,184,184,184,184,"Hombre","1964-11-05",15,"Administrativo",38850,15000,84,53,"No","Masculino",109.824310034571,25.2922655715264,"Entre 25 y 30 años","Medios","Entre 25.001 y 50.000 $"
"185",185,185,185,185,185,"Hombre","1930-08-28",8,"Seguridad",30750,15000,84,380,"No","Masculino",102.594683230826,59.482546201232,"Más de 40 años","Primarios","Entre 25.001 y 50.000 $"
"186",186,186,186,186,186,"Hombre","1964-07-06",15,"Administrativo",37500,20400,84,33,"No","Masculino",90.460786527394,25.6262833675565,"Entre 25 y 30 años","Medios","Entre 25.001 y 50.000 $"
"187",187,187,187,187,187,"Hombre","1963-07-29",16,"Directivo",58750,21750,84,13,"No","Masculino",97.9262139122904,26.5653661875428,"Entre 25 y 30 años","Medios","Entre 50.001 y 75.000 $"
"188",188,188,188,188,188,"Mujer","1934-02-04",12,"Administrativo",34500,18750,84,208,"No","Femenino",109.840459422377,56.0438056125941,"Más de 40 años","Secundarios","Entre 25.001 y 50.000 $"
"189",189,189,189,189,189,"Mujer","1950-03-28",12,"Administrativo",36000,19980,84,240,"No","Femenino",136.400787225858,39.9014373716632,"Entre 35 y 40 años","Secundarios","Entre 25.001 y 50.000 $"
"190",190,190,190,190,190,"Mujer","1932-11-15",8,"Administrativo",29100,16500,84,35,"No","Femenino",121.92833107236,57.264887063655,"Más de 40 años","Primarios","Entre 25.001 y 50.000 $"
"191",191,191,191,191,191,"Mujer","1931-10-23",12,"Administrativo",16500,10200,84,288,"No","Femenino",102.350849390027,58.3299110198494,"Más de 40 años","Secundarios","Hasta 25.000 $"
"192",192,192,192,192,192,"Hombre","1949-10-09",12,"Administrativo",19650,12750,84,180,"Sí","Masculino",90.832418399808,40.3668720054757,"Más de 40 años","Secundarios","Hasta 25.000 $"
"193",193,193,193,193,193,"Mujer","1966-07-22",12,"Administrativo",24750,12000,84,41,"Sí","Femenino",90.3029143346103,23.5838466803559,"Hasta 25 años","Secundarios","Hasta 25.000 $"
"194",194,194,194,194,194,"Mujer","1938-04-10",15,"Administrativo",27150,15750,84,231,"Sí","Femenino",97.9950901233374,51.8658453114305,"Más de 40 años","Medios","Entre 25.001 y 50.000 $"
"195",195,195,195,195,195,"Mujer","1955-11-06",12,"Administrativo",26400,12750,84,36,"Sí","Femenino",98.1908564199082,34.2915811088296,"Entre 30 y 35 años","Secundarios","Entre 25.001 y 50.000 $"
"196",196,196,196,196,196,"Mujer","1946-03-03",16,"Administrativo",23100,12000,84,214,"Sí","Femenino",77.7067257238851,43.9698836413415,"Más de 40 años","Medios","Hasta 25.000 $"
"197",197,197,197,197,197,"Hombre","1962-10-01",15,"Directivo",54900,25500,83,49,"No","Masculino",91.9891737560848,27.3894592744695,"Entre 25 y 30 años","Medios","Entre 50.001 y 75.000 $"
"198",198,198,198,198,198,"Hombre","1952-03-17",19,"Directivo",70875,43500,83,156,"No","Masculino",81.7092523950865,37.9301848049281,"Entre 35 y 40 años","Superiores","Entre 50.001 y 75.000 $"
"199",199,199,199,199,199,"Hombre","1958-02-02",16,"Directivo",51250,27480,83,69,"No","Masculino",103.911432620415,32.0492813141684,"Entre 30 y 35 años","Medios","Entre 50.001 y 75.000 $"
"200",200,200,200,200,200,"Hombre","1963-02-13",17,"Directivo",67500,34980,83,9,"No","Masculino",102.660666753703,27.0198494182067,"Entre 25 y 30 años","Superiores","Entre 50.001 y 75.000 $"
"201",201,201,201,201,201,"Hombre","1955-05-08",12,"Administrativo",29340,19500,83,150,"No","Masculino",97.9050685679053,34.7898699520876,"Entre 30 y 35 años","Secundarios","Entre 25.001 y 50.000 $"
"202",202,202,202,202,202,"Hombre","1963-03-17",15,"Administrativo",39600,16500,83,47,"No","Masculino",110.038901055859,26.9322381930185,"Entre 25 y 30 años","Medios","Entre 25.001 y 50.000 $"
"203",203,203,203,203,203,"Hombre","1964-03-17",12,"Administrativo",29100,15000,83,50,"No","Masculino",92.4879771650614,25.9301848049281,"Entre 25 y 30 años","Secundarios","Entre 25.001 y 50.000 $"
"204",204,204,204,204,204,"Hombre","1960-10-21",15,"Administrativo",33150,16500,83,69,"No","Masculino",98.4490791412138,29.3333333333333,"Entre 25 y 30 años","Medios","Entre 25.001 y 50.000 $"
"205",205,205,205,205,205,"Hombre","1944-06-22",16,"Directivo",66750,52500,83,258,"No","Masculino",138.183231917967,45.6646132785763,"Más de 40 años","Medios","Entre 50.001 y 75.000 $"
"206",206,206,206,206,206,"Hombre","1943-05-22",12,"Seguridad",33750,15000,83,284,"No","Masculino",93.0037226454472,46.7515400410678,"Más de 40 años","Secundarios","Entre 25.001 y 50.000 $"
"207",207,207,207,207,207,"Hombre","1959-02-15",15,"Administrativo",27300,17250,83,91,"No","Masculino",106.664379699987,31.0143737166324,"Entre 30 y 35 años","Medios","Entre 25.001 y 50.000 $"
"208",208,208,208,208,208,"Mujer","1968-11-28",12,"Administrativo",24000,11250,83,16,"No","Femenino",96.9745280740729,21.2292950034223,"Hasta 25 años","Secundarios","Hasta 25.000 $"
"209",209,209,209,209,209,"Mujer","1934-01-14",8,"Administrativo",19800,10200,83,75,"No","Femenino",126.652476628301,56.1013004791239,"Más de 40 años","Primarios","Hasta 25.000 $"
"210",210,210,210,210,210,"Hombre","1949-05-04",15,"Administrativo",30600,16500,83,216,"Sí","Masculino",86.8742528968276,40.7994524298426,"Más de 40 años","Medios","Entre 25.001 y 50.000 $"
"211",211,211,211,211,211,"Hombre","1950-11-08",15,"Administrativo",28950,15000,83,108,"Sí","Masculino",95.5867295376306,39.2854209445585,"Entre 35 y 40 años","Medios","Entre 25.001 y 50.000 $"
"212",212,212,212,212,212,"Hombre","1965-05-14",15,"Administrativo",38400,16500,83,64,"Sí","Masculino",130.171093989387,24.7720739219713,"Hasta 25 años","Medios","Entre 25.001 y 50.000 $"
"213",213,213,213,213,213,"Hombre","1945-10-20",8,"Seguridad",30750,15000,83,302,"Sí","Masculino",85.4239244367243,44.3367556468172,"Más de 40 años","Primarios","Entre 25.001 y 50.000 $"
"214",214,214,214,214,214,"Mujer","1968-09-13",12,"Administrativo",20400,10950,83,9,"Sí","Femenino",81.5620086125921,21.4373716632444,"Hasta 25 años","Secundarios","Hasta 25.000 $"
"215",215,215,215,215,215,"Mujer","1968-09-15",12,"Administrativo",19200,11100,83,7,"Sí","Femenino",130.173561009488,21.4318959616701,"Hasta 25 años","Secundarios","Hasta 25.000 $"
"216",216,216,216,216,216,"Hombre","1964-05-16",15,"Administrativo",30150,15750,82,72,"No","Masculino",97.3227639308454,25.7659137577002,"Entre 25 y 30 años","Medios","Entre 25.001 y 50.000 $"
"217",217,217,217,217,217,"Hombre","1949-03-15",16,"Administrativo",34620,27750,82,149,"No","Masculino",99.0186782868938,40.9363449691992,"Más de 40 años","Medios","Entre 25.001 y 50.000 $"
"218",218,218,218,218,218,"Hombre","1964-03-21",15,"Administrativo",80000,15750,82,34,"No","Masculino",116.863775821108,25.9192334017796,"Entre 25 y 30 años","Medios","Más de 75.000 $"
"219",219,219,219,219,219,"Hombre","1963-02-02",12,"Administrativo",25350,15000,82,32,"No","Masculino",88.028450895366,27.0499657768652,"Entre 25 y 30 años","Secundarios","Entre 25.001 y 50.000 $"
"220",220,220,220,220,220,"Hombre","1963-08-17",12,"Administrativo",29850,15750,82,85,"No","Masculino",91.5413874560093,26.5133470225873,"Entre 25 y 30 años","Secundarios","Entre 25.001 y 50.000 $"
"221",221,221,221,221,221,"Mujer","1947-05-22",12,"Administrativo",24000,13800,82,97,"No","Femenino",123.567784359245,42.7515400410678,"Más de 40 años","Secundarios","Hasta 25.000 $"
"222",222,222,222,222,222,"Mujer","1935-09-15",15,"Administrativo",27750,19500,82,265,"No","Femenino",103.671570699811,54.4339493497604,"Más de 40 años","Medios","Entre 25.001 y 50.000 $"
"223",223,223,223,223,223,"Mujer","1942-03-14",8,"Administrativo",22350,10200,82,48,"No","Femenino",101.693583201162,47.9397672826831,"Más de 40 años","Primarios","Hasta 25.000 $"
"224",224,224,224,224,224,"Mujer","1934-11-20",12,"Administrativo",16200,10200,82,0,"No","Femenino",100.358292169167,55.2525667351129,"Más de 40 años","Secundarios","Hasta 25.000 $"
"225",225,225,225,225,225,"Mujer","1967-10-13",15,"Administrativo",21900,12750,82,0,"No","Femenino",107.533604651369,22.3572895277207,"Hasta 25 años","Medios","Hasta 25.000 $"
"226",226,226,226,226,226,"Mujer","1964-06-21",16,"Administrativo",23250,15750,82,4,"No","Femenino",60.1068978879227,25.6673511293634,"Entre 25 y 30 años","Medios","Hasta 25.000 $"
"227",227,227,227,227,227,"Mujer","1965-07-17",12,"Administrativo",33900,12000,82,11,"No","Femenino",123.473421166967,24.5968514715948,"Hasta 25 años","Secundarios","Entre 25.001 y 50.000 $"
"228",228,228,228,228,228,"Mujer","1963-09-21",15,"Administrativo",25650,14250,82,51,"No","Femenino",94.3778191599465,26.4175222450376,"Entre 25 y 30 años","Medios","Entre 25.001 y 50.000 $"
"229",229,229,229,229,229,"Mujer","1940-08-21",12,"Administrativo",17250,10200,82,358,"No","Femenino",117.312132353087,49.5003422313484,"Más de 40 años","Secundarios","Hasta 25.000 $"
"230",230,230,230,230,230,"Hombre","1934-02-04",15,"Administrativo",22500,15000,82,371,"Sí","Masculino",104.527823247531,56.0438056125941,"Más de 40 años","Medios","Hasta 25.000 $"
"231",231,231,231,231,231,"Hombre","1965-01-09",16,"Directivo",40200,21000,81,3,"No","Masculino",63.8633275783993,25.1143052703628,"Entre 25 y 30 años","Medios","Entre 25.001 y 50.000 $"
"232",232,232,232,232,232,"Hombre","1963-09-13",19,"Directivo",55500,33750,81,62,"No","Masculino",112.458956680907,26.4394250513347,"Entre 25 y 30 años","Superiores","Entre 50.001 y 75.000 $"
"233",233,233,233,233,233,"Hombre","1963-07-21",15,"Administrativo",26550,15000,81,52,"No","Masculino",102.99308489898,26.5872689938398,"Entre 25 y 30 años","Medios","Entre 25.001 y 50.000 $"
"234",234,234,234,234,234,"Hombre","1960-11-12",15,"Administrativo",50550,19500,81,44,"No","Masculino",107.775436228073,29.2731006160164,"Entre 25 y 30 años","Medios","Entre 50.001 y 75.000 $"
"235",235,235,235,235,235,"Hombre","1962-09-11",19,"Directivo",75000,31500,81,13,"No","Masculino",88.5710121984505,27.4442162902122,"Entre 25 y 30 años","Superiores","Entre 50.001 y 75.000 $"
"236",236,236,236,236,236,"Mujer","1969-05-02",8,"Administrativo",27450,12000,81,9,"No","Femenino",111.441700014554,20.8049281314168,"Hasta 25 años","Primarios","Entre 25.001 y 50.000 $"
"237",237,237,237,237,237,"Mujer","1969-06-04",12,"Administrativo",22650,11250,81,0,"No","Femenino",110.811703788331,20.7145790554415,"Hasta 25 años","Secundarios","Hasta 25.000 $"
"238",238,238,238,238,238,"Mujer","1969-06-15",12,"Administrativo",27300,11250,81,5,"No","Femenino",102.266801485143,20.684462696783,"Hasta 25 años","Secundarios","Entre 25.001 y 50.000 $"
"239",239,239,239,239,239,"Mujer","1969-09-14",12,"Administrativo",27750,11225,81,5,"No","Femenino",117.975338766691,20.435318275154,"Hasta 25 años","Secundarios","Entre 25.001 y 50.000 $"
"240",240,240,240,240,240,"Mujer","1961-06-15",16,"Directivo",54375,18750,81,81,"No","Femenino",105.525863315528,28.684462696783,"Entre 25 y 30 años","Medios","Entre 50.001 y 75.000 $"
"241",241,241,241,241,241,"Mujer","1936-08-27",8,"Administrativo",17400,10200,81,390,"No","Femenino",105.079848676282,53.4839151266256,"Más de 40 años","Primarios","Hasta 25.000 $"
"242",242,242,242,242,242,"Mujer","1967-11-03",12,"Administrativo",40800,18000,81,4,"No","Femenino",119.539075427417,22.299794661191,"Hasta 25 años","Secundarios","Entre 25.001 y 50.000 $"
"243",243,243,243,243,243,"Mujer","1969-02-10",12,"Administrativo",23100,10950,81,0,"No","Femenino",119.334261337371,21.0266940451745,"Hasta 25 años","Secundarios","Hasta 25.000 $"
"244",244,244,244,244,244,"Mujer","1969-09-15",8,"Administrativo",22500,10950,81,5,"No","Femenino",137.86507267255,20.4325804243669,"Hasta 25 años","Primarios","Hasta 25.000 $"
"245",245,245,245,245,245,"Mujer","1969-03-16",12,"Administrativo",26700,11550,81,18,"No","Femenino",117.604911323436,20.933607118412,"Hasta 25 años","Secundarios","Entre 25.001 y 50.000 $"
"246",246,246,246,246,246,"Mujer","1968-01-14",12,"Administrativo",24900,11250,81,0,"No","Femenino",104.290178939958,22.1026694045175,"Hasta 25 años","Secundarios","Hasta 25.000 $"
"247",247,247,247,247,247,"Mujer","1968-05-13",12,"Administrativo",19650,10950,81,11,"No","Femenino",72.5500590017139,21.7741273100616,"Hasta 25 años","Secundarios","Hasta 25.000 $"
"248",248,248,248,248,248,"Mujer","1969-04-09",12,"Administrativo",22050,10950,81,9,"No","Femenino",107.16122515581,20.8678986995209,"Hasta 25 años","Secundarios","Hasta 25.000 $"
"249",249,249,249,249,249,"Mujer","1969-05-09",12,"Administrativo",25500,12000,81,11,"No","Femenino",89.1731196687477,20.7857631759069,"Hasta 25 años","Secundarios","Entre 25.001 y 50.000 $"
"250",250,250,250,250,250,"Mujer","1966-10-10",15,"Administrativo",28200,12750,81,19,"No","Femenino",95.0230267068187,23.3648186173854,"Hasta 25 años","Medios","Entre 25.001 y 50.000 $"
"251",251,251,251,251,251,"Mujer","1969-01-19",12,"Administrativo",23100,11250,81,13,"No","Femenino",107.08159442383,21.0869267624914,"Hasta 25 años","Secundarios","Hasta 25.000 $"
"252",252,252,252,252,252,"Hombre","1969-09-18",12,"Administrativo",25500,11400,81,9,"Sí","Masculino",102.687969323473,20.4243668720055,"Hasta 25 años","Secundarios","Entre 25.001 y 50.000 $"
"253",253,253,253,253,253,"Mujer","1942-02-21",8,"Administrativo",17100,10200,81,0,"Sí","Femenino",66.6368413427806,47.9972621492129,"Más de 40 años","Primarios","Hasta 25.000 $"
"254",254,254,254,254,254,"Hombre","1964-02-08",18,"Directivo",68125,32490,80,29,"No","Masculino",103.282053537067,26.0342231348392,"Entre 25 y 30 años","Superiores","Entre 50.001 y 75.000 $"
"255",255,255,255,255,255,"Hombre","1932-08-15",12,"Seguridad",30600,15750,80,460,"No","Masculino",83.9837508275357,57.5167693360712,"Más de 40 años","Secundarios","Entre 25.001 y 50.000 $"
"256",256,256,256,256,256,"Hombre","1948-01-03",19,"Directivo",52125,27480,80,221,"No","Masculino",94.1763612280626,42.1327857631759,"Más de 40 años","Superiores","Entre 50.001 y 75.000 $"
"257",257,257,257,257,257,"Hombre","1951-09-24",19,"Directivo",61875,36750,80,199,"No","Masculino",82.9203346763118,38.4093086926762,"Entre 35 y 40 años","Superiores","Entre 50.001 y 75.000 $"
"258",258,258,258,258,258,"Hombre","1969-03-09",8,"Administrativo",21300,11550,80,24,"No","Masculino",47.1749684130697,20.952772073922,"Hasta 25 años","Primarios","Hasta 25.000 $"
"259",259,259,259,259,259,"Mujer","1969-03-15",12,"Administrativo",19650,11250,80,5,"No","Femenino",118.245659888173,20.9363449691992,"Hasta 25 años","Secundarios","Hasta 25.000 $"
"260",260,260,260,260,260,"Mujer","1969-02-20",12,"Administrativo",22350,11250,80,5,"No","Femenino",114.075139730886,20.9993155373032,"Hasta 25 años","Secundarios","Hasta 25.000 $"
"261",261,261,261,261,261,"Mujer","1969-03-27",12,"Administrativo",23400,11250,80,18,"No","Femenino",106.03910231588,20.9034907597536,"Hasta 25 años","Secundarios","Hasta 25.000 $"
"262",262,262,262,262,262,"Mujer","1968-06-20",12,"Administrativo",24300,10950,80,8,"No","Femenino",75.7168455229651,21.6700889801506,"Hasta 25 años","Secundarios","Hasta 25.000 $"
"263",263,263,263,263,263,"Mujer","1968-10-13",12,"Administrativo",28500,11250,80,4,"No","Femenino",64.9227940613305,21.3552361396304,"Hasta 25 años","Secundarios","Entre 25.001 y 50.000 $"
"264",264,264,264,264,264,"Mujer","1969-01-16",12,"Administrativo",19950,11250,80,8,"No","Femenino",102.030079791164,21.0951403148528,"Hasta 25 años","Secundarios","Hasta 25.000 $"
"265",265,265,265,265,265,"Mujer","1969-09-24",12,"Administrativo",23400,11250,80,0,"No","Femenino",109.118793571296,20.4079397672827,"Hasta 25 años","Secundarios","Hasta 25.000 $"
"266",266,266,266,266,266,"Mujer","1963-10-07",16,"Administrativo",34500,17250,80,3,"No","Femenino",91.9326451210311,26.3737166324435,"Entre 25 y 30 años","Medios","Entre 25.001 y 50.000 $"
"267",267,267,267,267,267,"Mujer","1969-08-24",12,"Administrativo",18150,10950,80,0,"No","Femenino",114.428220209377,20.4928131416838,"Hasta 25 años","Secundarios","Hasta 25.000 $"
"268",268,268,268,268,268,"Hombre","1936-05-16",12,"Administrativo",22350,15000,80,272,"Sí","Masculino",96.3939023570561,53.7659137577002,"Más de 40 años","Secundarios","Hasta 25.000 $"
"269",269,269,269,269,269,"Hombre","1966-03-17",15,"Administrativo",40200,17250,79,38,"No","Masculino",114.286012092053,23.9315537303217,"Hasta 25 años","Medios","Entre 25.001 y 50.000 $"
"270",270,270,270,270,270,"Hombre","1947-10-29",15,"Administrativo",28650,18000,79,261,"No","Masculino",102.033191961254,42.3134839151266,"Más de 40 años","Medios","Entre 25.001 y 50.000 $"
"271",271,271,271,271,271,"Hombre","1963-08-24",15,"Administrativo",27750,16500,79,55,"No","Masculino",108.891836893582,26.4941820670773,"Entre 25 y 30 años","Medios","Entre 25.001 y 50.000 $"
"272",272,272,272,272,272,"Hombre","1964-06-17",18,"Administrativo",66875,31980,79,30,"No","Masculino",132.187179677331,25.678302532512,"Entre 25 y 30 años","Superiores","Entre 50.001 y 75.000 $"
"273",273,273,273,273,273,"Hombre","1939-11-12",12,"Seguridad",30000,15750,79,308,"No","Masculino",96.1762963056819,50.2751540041068,"Más de 40 años","Secundarios","Entre 25.001 y 50.000 $"
"274",274,274,274,274,274,"Hombre","1964-08-04",16,"Directivo",83750,21750,79,12,"No","Masculino",116.36814934798,25.5468856947296,"Entre 25 y 30 años","Medios","Más de 75.000 $"
"275",275,275,275,275,275,"Hombre","1963-01-14",12,"Administrativo",33900,16500,79,94,"No","Masculino",89.1415185045941,27.1019849418207,"Entre 25 y 30 años","Secundarios","Entre 25.001 y 50.000 $"
"276",276,276,276,276,276,"Hombre","1965-05-11",16,"Directivo",56500,21000,79,12,"No","Masculino",118.617787375597,24.7802874743326,"Hasta 25 años","Medios","Entre 50.001 y 75.000 $"
"277",277,277,277,277,277,"Mujer","1965-05-20",16,"Directivo",43000,17490,79,20,"No","Femenino",83.4108305626337,24.7556468172485,"Hasta 25 años","Medios","Entre 25.001 y 50.000 $"
"278",278,278,278,278,278,"Mujer","1943-06-12",8,"Administrativo",20850,12000,79,70,"No","Femenino",102.76919452471,46.694045174538,"Más de 40 años","Primarios","Hasta 25.000 $"
"279",279,279,279,279,279,"Mujer","1969-04-16",12,"Administrativo",24450,12000,79,8,"No","Femenino",107.837861978404,20.8487337440109,"Hasta 25 años","Secundarios","Hasta 25.000 $"
"280",280,280,280,280,280,"Mujer","1969-10-20",12,"Administrativo",24750,10950,79,5,"No","Femenino",107.410078868207,20.3367556468172,"Hasta 25 años","Secundarios","Hasta 25.000 $"
"281",281,281,281,281,281,"Hombre","1945-02-18",8,"Seguridad",34500,15750,79,246,"Sí","Masculino",98.628429105509,45.0047912388775,"Más de 40 años","Primarios","Entre 25.001 y 50.000 $"
"282",282,282,282,282,282,"Hombre","1963-09-15",14,"Administrativo",27900,15000,79,47,"Sí","Masculino",82.2405727309088,26.4339493497604,"Entre 25 y 30 años","Medios","Entre 25.001 y 50.000 $"
"283",283,283,283,283,283,"Hombre","1963-02-25",19,"Directivo",68125,32010,78,35,"No","Masculino",114.015215310124,26.9869952087611,"Entre 25 y 30 años","Superiores","Entre 50.001 y 75.000 $"
"284",284,284,284,284,284,"Hombre","1961-10-10",19,"Directivo",73500,33000,78,45,"No","Masculino",125.556354807089,28.3641341546886,"Entre 25 y 30 años","Superiores","Entre 50.001 y 75.000 $"
"285",285,285,285,285,285,"Hombre","1930-05-28",8,"Seguridad",30750,15750,78,429,"No","Masculino",89.2379137670978,59.7344284736482,"Más de 40 años","Primarios","Entre 25.001 y 50.000 $"
"286",286,286,286,286,286,"Hombre","1958-03-07",15,"Directivo",40050,25500,78,133,"No","Masculino",101.83197473563,31.958932238193,"Entre 30 y 35 años","Medios","Entre 25.001 y 50.000 $"
"287",287,287,287,287,287,"Hombre","1965-01-18",16,"Administrativo",40350,19500,78,20,"No","Masculino",103.933793097261,25.0896646132786,"Entre 25 y 30 años","Medios","Entre 25.001 y 50.000 $"
"288",288,288,288,288,288,"Hombre","1955-01-22",15,"Directivo",38700,23730,78,176,"No","Masculino",98.2818598344772,35.0800821355236,"Entre 35 y 40 años","Medios","Entre 25.001 y 50.000 $"
"289",289,289,289,289,289,"Hombre","1964-10-27",17,"Directivo",65000,30750,78,26,"No","Masculino",82.6811669658616,25.3169062286105,"Entre 25 y 30 años","Superiores","Entre 50.001 y 75.000 $"
"290",290,290,290,290,290,"Hombre","1954-04-05",18,"Directivo",51450,36240,78,149,"No","Masculino",117.089831696948,35.8795345653662,"Entre 35 y 40 años","Superiores","Entre 50.001 y 75.000 $"
"291",291,291,291,291,291,"Hombre","1934-09-23",12,"Seguridad",35250,15750,78,387,"No","Masculino",116.40566158064,55.4113620807666,"Más de 40 años","Secundarios","Entre 25.001 y 50.000 $"
"292",292,292,292,292,292,"Hombre","1963-05-07",14,"Administrativo",25950,15000,78,53,"No","Masculino",109.544746123842,26.7926078028747,"Entre 25 y 30 años","Medios","Entre 25.001 y 50.000 $"
"293",293,293,293,293,293,"Hombre","1965-09-19",15,"Administrativo",25050,14250,78,24,"No","Masculino",101.107324198977,24.4216290212183,"Hasta 25 años","Medios","Entre 25.001 y 50.000 $"
"294",294,294,294,294,294,"Hombre","1968-10-10",12,"Administrativo",26700,12750,78,25,"No","Masculino",100.11245886657,21.3634496919918,"Hasta 25 años","Secundarios","Entre 25.001 y 50.000 $"
"295",295,295,295,295,295,"Hombre","1932-08-20",8,"Administrativo",24000,15750,78,476,"No","Masculino",95.8859400468299,57.5030800821355,"Más de 40 años","Primarios","Hasta 25.000 $"
"296",296,296,296,296,296,"Hombre","1964-02-12",12,"Administrativo",26850,15000,78,48,"No","Masculino",119.724976558323,26.0232717316906,"Entre 25 y 30 años","Secundarios","Entre 25.001 y 50.000 $"
"297",297,297,297,297,297,"Mujer","1942-04-16",12,"Administrativo",23400,15300,78,209,"No","Femenino",84.352512585077,47.8494182067077,"Más de 40 años","Secundarios","Hasta 25.000 $"
"298",298,298,298,298,298,"Mujer","1966-08-24",12,"Administrativo",24600,13500,78,47,"No","Femenino",88.3688764100023,23.4934976043806,"Hasta 25 años","Secundarios","Hasta 25.000 $"
"299",299,299,299,299,299,"Mujer","1965-05-11",15,"Administrativo",32550,18000,78,6,"No","Femenino",110.612176153269,24.7802874743326,"Hasta 25 años","Medios","Entre 25.001 y 50.000 $"
"300",300,300,300,300,300,"Hombre","1960-05-26",16,"Administrativo",26550,15000,78,105,"Sí","Masculino",120.434530899787,29.7385352498289,"Entre 25 y 30 años","Medios","Entre 25.001 y 50.000 $"
"301",301,301,301,301,301,"Hombre","1968-08-04",12,"Administrativo",31500,13500,78,7,"Sí","Masculino",93.9774428340041,21.5468856947296,"Hasta 25 años","Secundarios","Entre 25.001 y 50.000 $"
"302",302,302,302,302,302,"Hombre","1939-09-28",8,"Administrativo",22350,15000,78,320,"Sí","Masculino",102.083043450859,50.3983572895277,"Más de 40 años","Primarios","Hasta 25.000 $"
"303",303,303,303,303,303,"Hombre","1938-02-10",12,"Seguridad",35250,15750,78,281,"Sí","Masculino",99.6270949186095,52.0273785078713,"Más de 40 años","Secundarios","Entre 25.001 y 50.000 $"
"304",304,304,304,304,304,"Mujer","1945-09-28",15,"Administrativo",25800,13500,78,51,"Sí","Femenino",105.33569279039,44.3969883641342,"Más de 40 años","Medios","Entre 25.001 y 50.000 $"
"305",305,305,305,305,305,"Hombre","1941-10-25",12,"Seguridad",30750,15750,77,317,"No","Masculino",82.4914870105596,48.3230663928816,"Más de 40 años","Secundarios","Entre 25.001 y 50.000 $"
"306",306,306,306,306,306,"Hombre","1966-04-05",15,"Administrativo",30750,16500,77,41,"No","Masculino",70.2939914858602,23.8795345653662,"Hasta 25 años","Medios","Entre 25.001 y 50.000 $"
"307",307,307,307,307,307,"Hombre","1945-07-24",16,"Directivo",50000,32490,77,264,"No","Masculino",108.897644419311,44.5776865160849,"Más de 40 años","Medios","Entre 25.001 y 50.000 $"
"308",308,308,308,308,308,"Hombre","1963-02-01",15,"Administrativo",34500,18000,77,63,"No","Masculino",84.2642384023943,27.0527036276523,"Entre 25 y 30 años","Medios","Entre 25.001 y 50.000 $"
"309",309,309,309,309,309,"Hombre","1964-07-19",15,"Administrativo",26250,15750,77,38,"No","Masculino",94.466159007549,25.5906913073238,"Entre 25 y 30 años","Medios","Entre 25.001 y 50.000 $"
"310",310,310,310,310,310,"Hombre","1964-03-23",16,"Administrativo",44875,21240,77,22,"No","Masculino",114.321533514303,25.9137577002053,"Entre 25 y 30 años","Medios","Entre 25.001 y 50.000 $"
"311",311,311,311,311,311,"Mujer","1951-02-15",12,"Administrativo",22500,12000,77,63,"No","Femenino",114.870995199361,39.0143737166324,"Entre 35 y 40 años","Secundarios","Hasta 25.000 $"
"312",312,312,312,312,312,"Mujer","1963-03-12",12,"Administrativo",25650,14250,77,64,"No","Femenino",97.9718571942155,26.9459274469541,"Entre 25 y 30 años","Secundarios","Entre 25.001 y 50.000 $"
"313",313,313,313,313,313,"Mujer","1969-10-25",12,"Administrativo",21300,11250,77,0,"No","Femenino",94.9835883781833,20.3230663928816,"Hasta 25 años","Secundarios","Hasta 25.000 $"
"314",314,314,314,314,314,"Mujer","1966-11-24",12,"Administrativo",29850,13500,77,38,"No","Femenino",110.574083135913,23.2416153319644,"Hasta 25 años","Secundarios","Entre 25.001 y 50.000 $"
"315",315,315,315,315,315,"Mujer","1969-09-19",12,"Administrativo",34500,12150,77,4,"No","Femenino",96.8396995156743,20.4216290212183,"Hasta 25 años","Secundarios","Entre 25.001 y 50.000 $"
"316",316,316,316,316,316,"Hombre","1960-01-14",15,"Administrativo",27750,15000,77,52,"Sí","Masculino",103.086410529183,30.1026694045175,"Entre 30 y 35 años","Medios","Entre 25.001 y 50.000 $"
"317",317,317,317,317,317,"Hombre","1969-02-27",12,"Administrativo",27750,11550,77,12,"Sí","Masculino",79.2285047224084,20.9801505817933,"Hasta 25 años","Secundarios","Entre 25.001 y 50.000 $"
"318",318,318,318,318,318,"Hombre","1961-02-19",16,"Directivo",48750,21990,76,61,"No","Masculino",98.7034360174922,29.0020533880903,"Entre 25 y 30 años","Medios","Entre 25.001 y 50.000 $"
"319",319,319,319,319,319,"Hombre","1966-03-02",15,"Administrativo",43410,15750,76,12,"No","Masculino",119.934062905659,23.9726214921287,"Hasta 25 años","Medios","Entre 25.001 y 50.000 $"
"320",320,320,320,320,320,"Hombre","1936-11-10",12,"Administrativo",22050,15000,76,385,"No","Masculino",97.7917389857867,53.2785763175907,"Más de 40 años","Secundarios","Hasta 25.000 $"
"321",321,321,321,321,321,"Mujer","1953-10-26",12,"Administrativo",22050,12000,76,6,"No","Femenino",101.511035847066,36.3203285420945,"Entre 35 y 40 años","Secundarios","Hasta 25.000 $"
"322",322,322,322,322,322,"Mujer","1938-03-02",12,"Administrativo",22500,14250,76,90,"No","Femenino",105.908921282657,51.9726214921287,"Más de 40 años","Secundarios","Hasta 25.000 $"
"323",323,323,323,323,323,"Mujer","1967-05-13",15,"Administrativo",25500,12000,76,7,"No","Femenino",110.570796574816,22.776180698152,"Hasta 25 años","Medios","Entre 25.001 y 50.000 $"
"324",324,324,324,324,324,"Mujer","1966-10-14",12,"Administrativo",29160,15000,76,22,"No","Femenino",111.064988516641,23.3538672142368,"Hasta 25 años","Secundarios","Entre 25.001 y 50.000 $"
"325",325,325,325,325,325,"Mujer","1934-11-04",8,"Administrativo",16800,10200,76,76,"No","Femenino",127.436841436404,55.296372347707,"Más de 40 años","Primarios","Hasta 25.000 $"
"326",326,326,326,326,326,"Hombre","1958-07-24",8,"Seguridad",29550,15750,76,144,"Sí","Masculino",110.17187238527,31.5783709787817,"Entre 30 y 35 años","Primarios","Entre 25.001 y 50.000 $"
"327",327,327,327,327,327,"Hombre","1965-03-02",12,"Administrativo",26700,15750,76,18,"Sí","Masculino",85.3559170656499,24.9719370294319,"Hasta 25 años","Secundarios","Entre 25.001 y 50.000 $"
"328",328,328,328,328,328,"Hombre","1952-10-25",18,"Directivo",55000,32490,75,125,"No","Masculino",95.7417793608525,37.3223819301848,"Entre 35 y 40 años","Superiores","Entre 50.001 y 75.000 $"
"329",329,329,329,329,329,"Hombre","1958-08-24",18,"Directivo",62500,34980,75,74,"No","Masculino",107.347611499443,31.4934976043806,"Entre 30 y 35 años","Superiores","Entre 50.001 y 75.000 $"
"330",330,330,330,330,330,"Hombre","1959-05-09",15,"Administrativo",27300,17250,75,132,"No","Masculino",94.2851232028749,30.7871321013005,"Entre 30 y 35 años","Medios","Entre 25.001 y 50.000 $"
"331",331,331,331,331,331,"Mujer","1942-02-04",12,"Administrativo",24450,12000,75,144,"No","Femenino",85.6241205265791,48.0438056125941,"Más de 40 años","Secundarios","Hasta 25.000 $"
"332",332,332,332,332,332,"Mujer","1964-05-10",16,"Administrativo",33000,18000,75,26,"No","Femenino",79.6553188680603,25.782340862423,"Entre 25 y 30 años","Medios","Entre 25.001 y 50.000 $"
"333",333,333,333,333,333,"Mujer","1965-01-26",15,"Administrativo",37050,18000,75,5,"No","Femenino",103.021024416544,25.0677618069815,"Entre 25 y 30 años","Medios","Entre 25.001 y 50.000 $"
"334",334,334,334,334,334,"Mujer","1966-05-09",12,"Administrativo",24450,10950,75,32,"Sí","Femenino",60.0237596507006,23.7864476386037,"Hasta 25 años","Secundarios","Hasta 25.000 $"
"335",335,335,335,335,335,"Hombre","1930-02-26",8,"Seguridad",31950,15750,74,408,"No","Masculino",79.8938724863284,59.9835728952772,"Más de 40 años","Primarios","Entre 25.001 y 50.000 $"
"336",336,336,336,336,336,"Hombre","1964-01-10",16,"Directivo",47250,21240,74,45,"No","Masculino",88.6036406010569,26.113620807666,"Entre 25 y 30 años","Medios","Entre 25.001 y 50.000 $"
"337",337,337,337,337,337,"Mujer","1970-01-27",12,"Administrativo",26100,11550,74,2,"No","Femenino",86.5582619537441,20.0657084188912,"Hasta 25 años","Secundarios","Entre 25.001 y 50.000 $"
"338",338,338,338,338,338,"Mujer","1938-08-12",8,"Administrativo",15900,10200,74,43,"No","Femenino",132.340328949092,51.5263518138261,"Más de 40 años","Primarios","Hasta 25.000 $"
"339",339,339,339,339,339,"Mujer","1942-11-07",8,"Administrativo",23700,10650,74,281,"No","Femenino",94.3252316367132,47.2881587953457,"Más de 40 años","Primarios","Hasta 25.000 $"
"340",340,340,340,340,340,"Mujer","1934-05-06",8,"Administrativo",21750,12450,74,318,"No","Femenino",80.7190746970837,55.7946611909651,"Más de 40 años","Primarios","Hasta 25.000 $"
"341",341,341,341,341,341,"Hombre","1945-01-20",12,"Directivo",59400,33750,74,272,"Sí","Masculino",118.532974093695,45.0841889117043,"Más de 40 años","Secundarios","Entre 50.001 y 75.000 $"
"342",342,342,342,342,342,"Mujer","1948-06-01",12,"Administrativo",24450,14250,74,117,"Sí","Femenino",80.2474390271156,41.7221081451061,"Más de 40 años","Secundarios","Hasta 25.000 $"
"343",343,343,343,343,343,"Hombre","1953-06-09",16,"Directivo",103500,60000,73,150,"No","Masculino",74.0639497243717,36.7008898015058,"Entre 35 y 40 años","Medios","Más de 75.000 $"
"344",344,344,344,344,344,"Hombre","1963-10-13",12,"Administrativo",35700,16500,73,72,"No","Masculino",91.6144034570986,26.3572895277207,"Entre 25 y 30 años","Secundarios","Entre 25.001 y 50.000 $"
"345",345,345,345,345,345,"Mujer","1969-05-05",12,"Administrativo",22200,16500,73,7,"No","Femenino",69.4035680280947,20.7967145790554,"Hasta 25 años","Secundarios","Hasta 25.000 $"
"346",346,346,346,346,346,"Mujer","1968-08-16",15,"Administrativo",22950,13950,73,22,"No","Femenino",114.71201940077,21.5140314852841,"Hasta 25 años","Medios","Hasta 25.000 $"
"347",347,347,347,347,347,"Mujer","1944-08-10",12,"Administrativo",23100,12000,73,228,"No","Femenino",88.1256145011109,45.5304585900068,"Más de 40 años","Secundarios","Hasta 25.000 $"
"348",348,348,348,348,348,"Mujer","1962-06-11",16,"Directivo",56750,30000,73,15,"No","Femenino",84.5053869712023,27.6960985626283,"Entre 25 y 30 años","Medios","Entre 50.001 y 75.000 $"
"349",349,349,349,349,349,"Mujer","1938-03-22",17,"Administrativo",29100,12750,73,375,"No","Femenino",117.230270904414,51.917864476386,"Más de 40 años","Superiores","Entre 25.001 y 50.000 $"
"350",350,350,350,350,350,"Mujer","1939-04-21",12,"Administrativo",37650,15750,73,132,"No","Femenino",106.865162175667,50.8364134154689,"Más de 40 años","Secundarios","Entre 25.001 y 50.000 $"
"351",351,351,351,351,351,"Mujer","1966-01-27",12,"Administrativo",27900,13500,73,32,"No","Femenino",94.6663045354353,24.0657084188912,"Hasta 25 años","Secundarios","Entre 25.001 y 50.000 $"
"352",352,352,352,352,352,"Mujer","1933-11-26",8,"Administrativo",21150,12000,73,159,"No","Femenino",99.9141682173372,56.2354551676934,"Más de 40 años","Primarios","Hasta 25.000 $"
"353",353,353,353,353,353,"Hombre","1955-03-10",12,"Seguridad",31200,15750,73,155,"Sí","Masculino",86.4432501813796,34.9514031485284,"Entre 30 y 35 años","Secundarios","Entre 25.001 y 50.000 $"
"354",354,354,354,354,354,"Mujer","1946-05-08",12,"Administrativo",20550,11250,73,154,"Sí","Femenino",103.931740621377,43.7891854893908,"Más de 40 años","Secundarios","Hasta 25.000 $"
"355",355,355,355,355,355,"Hombre","1961-05-19",15,"Administrativo",25950,17250,72,83,"No","Masculino",96.8905321818977,28.7583846680356,"Entre 25 y 30 años","Medios","Entre 25.001 y 50.000 $"
"356",356,356,356,356,356,"Hombre","1965-11-10",15,"Administrativo",28350,15000,72,48,"No","Masculino",92.1296079122704,24.2792607802875,"Hasta 25 años","Medios","Entre 25.001 y 50.000 $"
"357",357,357,357,357,357,"Mujer","1932-01-18",8,"Administrativo",17700,10200,72,184,"No","Femenino",105.68984987393,58.0917180013689,"Más de 40 años","Primarios","Hasta 25.000 $"
"358",358,358,358,358,358,"Mujer","1944-04-11",15,"Administrativo",23550,13500,72,49,"No","Femenino",109.589819040666,45.8617385352498,"Más de 40 años","Medios","Hasta 25.000 $"
"359",359,359,359,359,359,"Mujer","1941-06-12",12,"Administrativo",19950,10200,72,56,"No","Femenino",116.765584658474,48.6926762491444,"Más de 40 años","Secundarios","Hasta 25.000 $"
"360",360,360,360,360,360,"Mujer","1968-08-11",12,"Administrativo",29400,15300,72,30,"No","Femenino",105.977138173149,21.5277207392197,"Hasta 25 años","Secundarios","Entre 25.001 y 50.000 $"
"361",361,361,361,361,361,"Mujer","1966-06-09",12,"Administrativo",28800,13950,72,18,"No","Femenino",95.093825395029,23.7015742642026,"Hasta 25 años","Secundarios","Entre 25.001 y 50.000 $"
"362",362,362,362,362,362,"Mujer","1937-04-08",8,"Administrativo",16950,10200,72,319,"No","Femenino",116.941340975274,52.870636550308,"Más de 40 años","Primarios","Hasta 25.000 $"
"363",363,363,363,363,363,"Hombre","1954-06-03",16,"Administrativo",35700,18000,72,138,"Sí","Masculino",108.652006228984,35.7180013689254,"Entre 35 y 40 años","Medios","Entre 25.001 y 50.000 $"
"364",364,364,364,364,364,"Mujer","1947-03-26",12,"Administrativo",17400,10200,72,116,"Sí","Femenino",108.842314930488,42.9075975359343,"Más de 40 años","Secundarios","Hasta 25.000 $"
"365",365,365,365,365,365,"Mujer","1948-10-16",8,"Administrativo",21450,10200,72,194,"Sí","Femenino",111.589500776081,41.347022587269,"Más de 40 años","Primarios","Hasta 25.000 $"
"366",366,366,366,366,366,"Mujer","1961-03-21",12,"Administrativo",24750,12000,72,68,"Sí","Femenino",85.8174710817439,28.9199178644764,"Entre 25 y 30 años","Secundarios","Hasta 25.000 $"
"367",367,367,367,367,367,"Mujer","1942-05-22",12,"Administrativo",16950,10200,72,271,"Sí","Femenino",127.220472453233,47.750855578371,"Más de 40 años","Secundarios","Hasta 25.000 $"
"368",368,368,368,368,368,"Mujer","1943-07-20",12,"Administrativo",26100,13500,72,169,"Sí","Femenino",107.349623064825,46.590006844627,"Más de 40 años","Secundarios","Entre 25.001 y 50.000 $"
"369",369,369,369,369,369,"Hombre","1967-11-14",14,"Administrativo",28050,15000,71,15,"No","Masculino",101.774619459588,22.2696783025325,"Hasta 25 años","Medios","Entre 25.001 y 50.000 $"
"370",370,370,370,370,370,"Mujer","1963-01-20",16,"Administrativo",36600,18000,71,12,"No","Femenino",92.8194649949761,27.0855578370979,"Entre 25 y 30 años","Medios","Entre 25.001 y 50.000 $"
"371",371,371,371,371,371,"Mujer","1966-04-05",16,"Directivo",58125,18000,71,11,"No","Femenino",128.994193969505,23.8795345653662,"Hasta 25 años","Medios","Entre 50.001 y 75.000 $"
"372",372,372,372,372,372,"Hombre","1935-08-22",15,"Administrativo",21300,15750,70,372,"No","Masculino",113.769095390809,54.4996577686516,"Más de 40 años","Medios","Hasta 25.000 $"
"373",373,373,373,373,373,"Hombre","1949-10-29",12,"Administrativo",22500,16500,70,216,"No","Masculino",102.076377708204,40.3121149897331,"Más de 40 años","Secundarios","Hasta 25.000 $"
"374",374,374,374,374,374,"Hombre","1967-07-26",15,"Administrativo",29400,15750,70,15,"No","Masculino",98.1709767177616,22.5735797399042,"Hasta 25 años","Medios","Entre 25.001 y 50.000 $"
"375",375,375,375,375,375,"Hombre","1966-10-08",12,"Administrativo",27450,14700,70,41,"No","Masculino",102.902504182097,23.3702943189596,"Hasta 25 años","Secundarios","Entre 25.001 y 50.000 $"
"376",376,376,376,376,376,"Hombre","1964-10-09",15,"Administrativo",29850,15750,70,48,"No","Masculino",92.5792384394554,25.3661875427789,"Entre 25 y 30 años","Medios","Entre 25.001 y 50.000 $"
"377",377,377,377,377,377,"Hombre","1965-11-29",15,"Administrativo",25350,15750,70,56,"No","Masculino",86.7951808438829,24.227241615332,"Hasta 25 años","Medios","Entre 25.001 y 50.000 $"
"378",378,378,378,378,378,"Mujer","1930-09-21",8,"Administrativo",15750,10200,70,275,"No","Femenino",97.5958829998254,59.4168377823409,"Más de 40 años","Primarios","Hasta 25.000 $"
"379",379,379,379,379,379,"Mujer","1938-05-12",8,"Administrativo",19650,13050,70,102,"No","Femenino",99.2232327352025,51.7782340862423,"Más de 40 años","Primarios","Hasta 25.000 $"
"380",380,380,380,380,380,"Mujer","1941-02-22",12,"Administrativo",21000,13500,70,82,"No","Femenino",94.9681906638602,48.993839835729,"Más de 40 años","Secundarios","Hasta 25.000 $"
"381",381,381,381,381,381,"Hombre","1946-07-15",17,"Administrativo",27000,18000,70,192,"Sí","Masculino",113.115988248183,43.6030116358658,"Más de 40 años","Superiores","Entre 25.001 y 50.000 $"
"382",382,382,382,382,382,"Hombre","1959-10-20",12,"Administrativo",24000,15750,70,120,"Sí","Masculino",106.68304077005,30.3381245722108,"Entre 30 y 35 años","Secundarios","Hasta 25.000 $"
"383",383,383,383,383,383,"Hombre","1961-06-03",17,"Directivo",78500,28740,70,67,"Sí","Masculino",89.0358900547169,28.7173169062286,"Entre 25 y 30 años","Superiores","Más de 75.000 $"
"384",384,384,384,384,384,"Mujer","1955-11-11",12,"Administrativo",20850,13050,70,127,"Sí","Femenino",118.564932541175,34.2778918548939,"Entre 30 y 35 años","Secundarios","Hasta 25.000 $"
"385",385,385,385,385,385,"Hombre","1930-10-01",12,"Seguridad",30000,15750,69,348,"No","Masculino",108.369421019031,59.3894592744695,"Más de 40 años","Secundarios","Entre 25.001 y 50.000 $"
"386",386,386,386,386,386,"Hombre","1934-08-18",8,"Seguridad",28500,15750,69,174,"No","Masculino",104.707894728999,55.5099247091034,"Más de 40 años","Primarios","Entre 25.001 y 50.000 $"
"387",387,387,387,387,387,"Hombre","1965-02-03",19,"Directivo",65000,31980,69,74,"No","Masculino",98.7761927084488,25.0458590006845,"Entre 25 y 30 años","Superiores","Entre 50.001 y 75.000 $"
"388",388,388,388,388,388,"Hombre","1959-01-02",14,"Administrativo",30150,16500,69,110,"No","Masculino",88.3950874270896,31.1348391512663,"Entre 30 y 35 años","Medios","Entre 25.001 y 50.000 $"
"389",389,389,389,389,389,"Hombre","1959-04-15",19,"Directivo",66875,32490,69,81,"No","Masculino",101.344875035221,30.8528405201916,"Entre 30 y 35 años","Superiores","Entre 50.001 y 75.000 $"
"390",390,390,390,390,390,"Mujer","1968-11-09",15,"Administrativo",24150,13500,69,7,"No","Femenino",101.717600661009,21.2813141683778,"Hasta 25 años","Medios","Hasta 25.000 $"
"391",391,391,391,391,391,"Mujer","1969-01-12",12,"Administrativo",24450,12450,69,12,"No","Femenino",91.70495456752,21.1060917180014,"Hasta 25 años","Secundarios","Hasta 25.000 $"
"392",392,392,392,392,392,"Mujer","1970-05-12",12,"Administrativo",21600,12000,69,0,"No","Femenino",135.994895002583,19.7782340862423,"Hasta 25 años","Secundarios","Hasta 25.000 $"
"393",393,393,393,393,393,"Mujer","1969-06-24",12,"Administrativo",27900,12450,69,0,"No","Femenino",108.354518019258,20.6598220396988,"Hasta 25 años","Secundarios","Entre 25.001 y 50.000 $"
"394",394,394,394,394,394,"Mujer","1970-02-04",8,"Administrativo",29100,12450,69,17,"No","Femenino",103.232952171884,20.0438056125941,"Hasta 25 años","Primarios","Entre 25.001 y 50.000 $"
"395",395,395,395,395,395,"Mujer","1970-03-09",12,"Administrativo",22650,11250,69,2,"No","Femenino",79.667446225232,19.9534565366188,"Hasta 25 años","Secundarios","Hasta 25.000 $"
"396",396,396,396,396,396,"Mujer","1970-08-17",12,"Administrativo",20850,11250,69,0,"No","Femenino",81.6388439979685,19.5126625598905,"Hasta 25 años","Secundarios","Hasta 25.000 $"
"397",397,397,397,397,397,"Mujer","1970-01-17",12,"Administrativo",22950,12300,69,5,"No","Femenino",116.574803682532,20.0930869267625,"Hasta 25 años","Secundarios","Hasta 25.000 $"
"398",398,398,398,398,398,"Mujer","1970-11-21",12,"Administrativo",30600,12450,69,5,"No","Femenino",125.137771416965,19.2498288843258,"Hasta 25 años","Secundarios","Entre 25.001 y 50.000 $"
"399",399,399,399,399,399,"Mujer","1970-02-06",12,"Administrativo",20400,11250,69,0,"No","Femenino",91.2166099293858,20.0383299110199,"Hasta 25 años","Secundarios","Hasta 25.000 $"
"400",400,400,400,400,400,"Mujer","1969-08-06",12,"Administrativo",23850,12750,69,20,"No","Femenino",96.3265676897527,20.5420944558522,"Hasta 25 años","Secundarios","Hasta 25.000 $"
"401",401,401,401,401,401,"Mujer","1970-03-14",12,"Administrativo",22800,11250,69,0,"No","Femenino",109.72099845003,19.9397672826831,"Hasta 25 años","Secundarios","Hasta 25.000 $"
"402",402,402,402,402,402,"Mujer","1970-02-07",12,"Administrativo",20700,11250,69,2,"No","Femenino",103.536678825529,20.0355920602327,"Hasta 25 años","Secundarios","Hasta 25.000 $"
"403",403,403,403,403,403,"Mujer","1970-04-28",12,"Administrativo",21300,11250,69,3,"Sí","Femenino",77.0933692490948,19.8165639972622,"Hasta 25 años","Secundarios","Hasta 25.000 $"
"404",404,404,404,404,404,"Mujer","1953-05-01",12,"Administrativo",24300,15000,69,121,"Sí","Femenino",110.213854969194,36.807665982204,"Entre 35 y 40 años","Secundarios","Hasta 25.000 $"
"405",405,405,405,405,405,"Mujer","1944-07-12",12,"Administrativo",19650,13950,69,133,"Sí","Femenino",107.492878631664,45.6098562628337,"Más de 40 años","Secundarios","Hasta 25.000 $"
"406",406,406,406,406,406,"Hombre","1965-10-05",17,"Directivo",60000,32490,68,17,"No","Masculino",122.454121527852,24.3778234086242,"Hasta 25 años","Superiores","Entre 50.001 y 75.000 $"
"407",407,407,407,407,407,"Hombre","1965-09-06",15,"Administrativo",30300,15750,68,55,"No","Masculino",98.6565663677825,24.4572210814511,"Hasta 25 años","Medios","Entre 25.001 y 50.000 $"
"408",408,408,408,408,408,"Hombre","1964-02-12",19,"Directivo",61250,33000,68,9,"No","Masculino",99.6885067829774,26.0232717316906,"Entre 25 y 30 años","Superiores","Entre 50.001 y 75.000 $"
"409",409,409,409,409,409,"Hombre","1962-11-21",19,"Administrativo",36000,19500,68,21,"No","Masculino",114.7858314859,27.2498288843258,"Entre 25 y 30 años","Superiores","Entre 25.001 y 50.000 $"
"410",410,410,410,410,410,"Mujer","1942-01-09",8,"Administrativo",25200,18750,68,344,"No","Femenino",80.2073645510954,48.1149897330595,"Más de 40 años","Primarios","Entre 25.001 y 50.000 $"
"411",411,411,411,411,411,"Mujer","1931-08-21",12,"Administrativo",16200,10200,68,180,"No","Femenino",89.590476875096,58.5023956194387,"Más de 40 años","Secundarios","Hasta 25.000 $"
"412",412,412,412,412,412,"Mujer","1970-06-16",12,"Administrativo",22800,11250,68,2,"No","Femenino",94.8635554432934,19.6824093086927,"Hasta 25 años","Secundarios","Hasta 25.000 $"
"413",413,413,413,413,413,"Mujer","1966-03-13",16,"Directivo",43500,19500,68,11,"No","Femenino",106.270100085409,23.9425051334702,"Hasta 25 años","Medios","Entre 25.001 y 50.000 $"
"414",414,414,414,414,414,"Hombre","1961-01-08",8,"Seguridad",30300,15750,68,155,"Sí","Masculino",97.686175800625,29.1170431211499,"Entre 25 y 30 años","Primarios","Entre 25.001 y 50.000 $"
"415",415,415,415,415,415,"Hombre","1963-05-02",15,"Administrativo",31950,15750,68,70,"Sí","Masculino",94.67771772789,26.8062970568104,"Entre 25 y 30 años","Medios","Entre 25.001 y 50.000 $"
"416",416,416,416,416,416,"Hombre","1965-01-16",15,"Administrativo",35250,13500,67,6,"No","Masculino",108.215700227681,25.0951403148528,"Entre 25 y 30 años","Medios","Entre 25.001 y 50.000 $"
"417",417,417,417,417,417,"Hombre","1967-07-22",15,"Administrativo",37800,15000,67,36,"No","Masculino",78.2168546043281,22.5845311430527,"Hasta 25 años","Medios","Entre 25.001 y 50.000 $"
"418",418,418,418,418,418,"Hombre","1965-06-05",15,"Administrativo",31200,15750,67,46,"No","Masculino",124.540250057796,24.7118412046543,"Hasta 25 años","Medios","Entre 25.001 y 50.000 $"
"419",419,419,419,419,419,"Hombre","1964-10-20",15,"Administrativo",29400,16500,67,68,"No","Masculino",88.2178707056836,25.3360711841205,"Entre 25 y 30 años","Medios","Entre 25.001 y 50.000 $"
"420",420,420,420,420,420,"Hombre","1957-07-16",19,"Directivo",70000,35040,67,75,"No","Masculino",108.766897723257,32.5995893223819,"Entre 30 y 35 años","Superiores","Entre 50.001 y 75.000 $"
"421",421,421,421,421,421,"Hombre","1961-11-01",15,"Administrativo",33900,15750,67,96,"No","Masculino",75.0408825065981,28.3039014373717,"Entre 25 y 30 años","Medios","Entre 25.001 y 50.000 $"
"422",422,422,422,422,422,"Hombre","1963-07-20",15,"Administrativo",27150,16500,67,78,"No","Masculino",101.511079607725,26.590006844627,"Entre 25 y 30 años","Medios","Entre 25.001 y 50.000 $"
"423",423,423,423,423,423,"Mujer","1936-04-26",12,"Administrativo",22200,13800,67,196,"No","Femenino",71.4746831322328,53.8206707734428,"Más de 40 años","Secundarios","Hasta 25.000 $"
"424",424,424,424,424,424,"Mujer","1966-07-06",15,"Administrativo",31350,11100,67,47,"No","Femenino",104.773114625752,23.62765229295,"Hasta 25 años","Medios","Entre 25.001 y 50.000 $"
"425",425,425,425,425,425,"Mujer","1942-01-26",12,"Administrativo",20850,13500,67,181,"No","Femenino",109.292310191775,48.0684462696783,"Más de 40 años","Secundarios","Hasta 25.000 $"
"426",426,426,426,426,426,"Hombre","1952-10-27",16,"Administrativo",33300,17490,67,120,"Sí","Masculino",106.127347042177,37.3169062286105,"Entre 35 y 40 años","Medios","Entre 25.001 y 50.000 $"
"427",427,427,427,427,427,"Hombre","1942-04-21",8,"Administrativo",26250,16050,67,97,"Sí","Masculino",87.105368438437,47.8357289527721,"Más de 40 años","Primarios","Entre 25.001 y 50.000 $"
"428",428,428,428,428,428,"Hombre","1964-02-28",15,"Administrativo",31950,15750,67,58,"Sí","Masculino",109.903153534432,25.9794661190965,"Entre 25 y 30 años","Medios","Entre 25.001 y 50.000 $"
"429",429,429,429,429,429,"Hombre","1946-08-13",8,"Seguridad",30000,15750,67,305,"Sí","Masculino",91.2837699231627,43.523613963039,"Más de 40 años","Primarios","Entre 25.001 y 50.000 $"
"430",430,430,430,430,430,"Hombre","1956-04-29",19,"Directivo",66250,34980,67,99,"Sí","Masculino",108.418463220449,33.8124572210815,"Entre 30 y 35 años","Superiores","Entre 50.001 y 75.000 $"
"431",431,431,431,431,431,"Hombre","1959-01-15",18,"Directivo",86250,45000,66,50,"No","Masculino",101.328542705504,31.0992470910335,"Entre 30 y 35 años","Superiores","Más de 75.000 $"
"432",432,432,432,432,432,"Hombre","1964-03-12",12,"Administrativo",30750,15000,66,56,"No","Masculino",96.9771491806111,25.9438740588638,"Entre 25 y 30 años","Secundarios","Entre 25.001 y 50.000 $"
"433",433,433,433,433,433,"Hombre","1966-11-15",12,"Administrativo",33540,15750,66,47,"No","Masculino",96.6427539275931,23.2662559890486,"Hasta 25 años","Secundarios","Entre 25.001 y 50.000 $"
"434",434,434,434,434,434,"Hombre",NA,16,"Administrativo",34950,20250,66,55,"No","Masculino",116.620813082315,NA,NA,"Medios","Entre 25.001 y 50.000 $"
"435",435,435,435,435,435,"Hombre","1964-05-24",15,"Administrativo",40350,16500,66,80,"No","Masculino",90.7182137211902,25.7440109514031,"Entre 25 y 30 años","Medios","Entre 25.001 y 50.000 $"
"436",436,436,436,436,436,"Hombre","1965-05-27",12,"Administrativo",30270,15750,66,80,"No","Masculino",88.791775848661,24.7364818617385,"Hasta 25 años","Secundarios","Entre 25.001 y 50.000 $"
"437",437,437,437,437,437,"Hombre","1933-09-04",8,"Administrativo",26250,16050,66,264,"No","Masculino",104.933083504011,56.4626967830253,"Más de 40 años","Primarios","Entre 25.001 y 50.000 $"
"438",438,438,438,438,438,"Hombre","1964-10-11",15,"Administrativo",32400,15000,66,64,"No","Masculino",108.323454179295,25.3607118412047,"Entre 25 y 30 años","Medios","Entre 25.001 y 50.000 $"
"439",439,439,439,439,439,"Mujer","1970-06-25",12,"Administrativo",20400,11250,66,0,"No","Femenino",82.2584678732406,19.6577686516085,"Hasta 25 años","Secundarios","Hasta 25.000 $"
"440",440,440,440,440,440,"Mujer","1947-11-10",8,"Administrativo",24150,12750,66,96,"No","Femenino",78.1009326216736,42.280629705681,"Más de 40 años","Primarios","Hasta 25.000 $"
"441",441,441,441,441,441,"Mujer","1949-08-02",15,"Administrativo",23850,13500,66,122,"No","Femenino",95.0904823711138,40.5530458590007,"Más de 40 años","Medios","Hasta 25.000 $"
"442",442,442,442,442,442,"Mujer","1968-09-18",12,"Administrativo",29700,13500,66,26,"No","Femenino",92.5837269780273,21.4236824093087,"Hasta 25 años","Secundarios","Entre 25.001 y 50.000 $"
"443",443,443,443,443,443,"Mujer","1929-02-10",8,"Administrativo",21600,13500,66,228,"No","Femenino",68.3705050971994,61.0266940451745,"Más de 40 años","Primarios","Hasta 25.000 $"
"444",444,444,444,444,444,"Mujer","1961-09-16",12,"Administrativo",24450,15750,66,87,"No","Femenino",110.668436625834,28.4298425735797,"Entre 25 y 30 años","Secundarios","Hasta 25.000 $"
"445",445,445,445,445,445,"Hombre","1963-08-04",15,"Administrativo",28050,16500,66,84,"Sí","Masculino",116.581715882653,26.54893908282,"Entre 25 y 30 años","Medios","Entre 25.001 y 50.000 $"
"446",446,446,446,446,446,"Hombre","1958-08-03",16,"Directivo",1e+05,44100,66,128,"Sí","Masculino",95.5879826786789,31.5509924709103,"Entre 30 y 35 años","Medios","Más de 75.000 $"
"447",447,447,447,447,447,"Hombre","1961-07-02",15,"Administrativo",49000,20550,66,86,"Sí","Masculino",109.340453635721,28.6379192334018,"Entre 25 y 30 años","Medios","Entre 25.001 y 50.000 $"
"448",448,448,448,448,448,"Mujer","1933-06-05",12,"Administrativo",16350,10200,66,163,"Sí","Femenino",98.537531114909,56.7118412046543,"Más de 40 años","Secundarios","Hasta 25.000 $"
"449",449,449,449,449,449,"Hombre","1966-01-02",16,"Directivo",70000,21750,65,19,"No","Masculino",113.323887637658,24.1341546885695,"Hasta 25 años","Medios","Entre 50.001 y 75.000 $"
"450",450,450,450,450,450,"Hombre","1954-07-21",19,"Directivo",55000,34980,65,129,"No","Masculino",107.955962976695,35.5865845311431,"Entre 35 y 40 años","Superiores","Entre 50.001 y 75.000 $"
"451",451,451,451,451,451,"Hombre","1969-07-19",15,"Administrativo",28500,14250,65,20,"No","Masculino",102.015583135921,20.5913757700205,"Hasta 25 años","Medios","Entre 25.001 y 50.000 $"
"452",452,452,452,452,452,"Hombre","1953-08-13",12,"Administrativo",28800,18000,65,210,"No","Masculino",89.3636429696726,36.5229295003422,"Entre 35 y 40 años","Secundarios","Entre 25.001 y 50.000 $"
"453",453,453,453,453,453,"Hombre","1930-08-07",15,"Administrativo",24450,15750,65,338,"No","Masculino",99.2302217353879,59.5400410677618,"Más de 40 años","Medios","Hasta 25.000 $"
"454",454,454,454,454,454,"Hombre","1965-07-28",19,"Directivo",90625,31250,65,18,"No","Masculino",113.429658120243,24.5667351129363,"Hasta 25 años","Superiores","Más de 75.000 $"
"455",455,455,455,455,455,"Hombre","1964-01-17",16,"Directivo",43650,19500,65,19,"No","Masculino",78.7837427226566,26.0944558521561,"Entre 25 y 30 años","Medios","Entre 25.001 y 50.000 $"
"456",456,456,456,456,456,"Hombre","1959-10-17",19,"Directivo",75000,42510,65,54,"No","Masculino",111.42700856351,30.3463381245722,"Entre 30 y 35 años","Superiores","Entre 50.001 y 75.000 $"
"457",457,457,457,457,457,"Hombre","1968-05-27",15,"Administrativo",31650,14250,65,10,"No","Masculino",89.0345450427249,21.7357973990418,"Hasta 25 años","Medios","Entre 25.001 y 50.000 $"
"458",458,458,458,458,458,"Hombre","1965-07-06",19,"Directivo",61875,28740,65,26,"No","Masculino",110.53502899612,24.6269678302532,"Hasta 25 años","Superiores","Entre 50.001 y 75.000 $"
"459",459,459,459,459,459,"Mujer","1971-02-10",12,"Administrativo",21750,11250,65,0,"No","Femenino",89.4070565087735,19.0280629705681,"Hasta 25 años","Secundarios","Hasta 25.000 $"
"460",460,460,460,460,460,"Mujer","1969-08-12",12,"Administrativo",22500,12750,65,24,"No","Femenino",96.6019835409833,20.5256673511294,"Hasta 25 años","Secundarios","Hasta 25.000 $"
"461",461,461,461,461,461,"Mujer","1943-11-08",8,"Administrativo",21600,13500,65,173,"No","Femenino",101.657757808526,46.2861054072553,"Más de 40 años","Primarios","Hasta 25.000 $"
"462",462,462,462,462,462,"Mujer","1963-10-18",16,"Directivo",34410,19500,65,79,"No","Femenino",95.8275412287706,26.3436002737851,"Entre 25 y 30 años","Medios","Entre 25.001 y 50.000 $"
"463",463,463,463,463,463,"Mujer","1934-10-15",15,"Administrativo",20700,14250,65,241,"No","Femenino",80.9141042913183,55.3511293634497,"Más de 40 años","Medios","Hasta 25.000 $"
"464",464,464,464,464,464,"Hombre","1962-03-20",19,"Directivo",47550,33000,64,27,"No","Masculino",105.139816057296,27.9233401779603,"Entre 25 y 30 años","Superiores","Entre 25.001 y 50.000 $"
"465",465,465,465,465,465,"Hombre","1962-07-20",12,"Administrativo",33900,16500,64,106,"No","Masculino",127.113603366095,27.5893223819302,"Entre 25 y 30 años","Secundarios","Entre 25.001 y 50.000 $"
"466",466,466,466,466,466,"Mujer","1948-06-15",12,"Administrativo",23400,13500,64,198,"No","Femenino",85.709504640692,41.6837782340862,"Más de 40 años","Secundarios","Hasta 25.000 $"
"467",467,467,467,467,467,"Mujer","1967-08-18",16,"Administrativo",32850,19500,64,20,"No","Femenino",104.923756895335,22.5106091718001,"Hasta 25 años","Medios","Entre 25.001 y 50.000 $"
"468",468,468,468,468,468,"Mujer","1965-11-28",16,"Directivo",55750,19980,64,36,"No","Femenino",94.1221797768189,24.2299794661191,"Hasta 25 años","Medios","Entre 50.001 y 75.000 $"
"469",469,469,469,469,469,"Mujer","1964-06-01",15,"Administrativo",25200,13950,64,57,"No","Femenino",129.980298059165,25.7221081451061,"Entre 25 y 30 años","Medios","Entre 25.001 y 50.000 $"
"470",470,470,470,470,470,"Hombre","1964-01-22",12,"Administrativo",26250,15750,64,69,"Sí","Masculino",76.047242850733,26.0807665982204,"Entre 25 y 30 años","Secundarios","Entre 25.001 y 50.000 $"
"471",471,471,471,471,471,"Hombre","1966-08-03",15,"Administrativo",26400,15750,64,32,"Sí","Masculino",91.4110148286212,23.5509924709103,"Hasta 25 años","Medios","Entre 25.001 y 50.000 $"
"472",472,472,472,472,472,"Hombre","1966-02-21",15,"Administrativo",39150,15750,63,46,"No","Masculino",79.3159950742768,23.9972621492129,"Hasta 25 años","Medios","Entre 25.001 y 50.000 $"
"473",473,473,473,473,473,"Mujer","1937-11-25",12,"Administrativo",21450,12750,63,139,"No","Femenino",90.7528509819808,52.2381930184805,"Más de 40 años","Secundarios","Hasta 25.000 $"
"474",474,474,474,474,474,"Mujer","1968-11-05",12,"Administrativo",29400,14250,63,9,"No","Femenino",111.246785597537,21.2922655715264,"Hasta 25 años","Secundarios","Entre 25.001 y 50.000 $"
